1,//bookcover.yuewen.com/qdbimg/349573/1005236478/150,道君,跃千愁,仙侠,一个地球神级盗墓宗师，闯入修真界的故事……桃花源里，有歌声。山外青山，白骨山。五花马，千金裘，倚天剑。应我多情，啾啾鬼鸣，美人薄嗔。天地无垠，谁家旗鼓，碧落黄泉，万古高楼。为义气争,最新更新 第一三零九章 色眯眯的,2018-12-23 00:28,0.0
2,//bookcover.yuewen.com/qdbimg/349573/1012284323/150,我有一座恐怖屋,我会修空调,悬疑灵异,【五万均订悬疑灵异精品】散发异味的灵车停在了门口，天花板传来弹珠碰撞的声音，走廊里有人来回踱步，隔壁房间好像在切割什么东西。卧室的门锁轻轻颤动，卫生间里水龙头已经拧紧，却还是滴答滴,最新更新 第423章 苹果,2018-12-23 10:36,0.0
3,//bookcover.yuewen.com/qdbimg/349573/1012237441/150,全球高武,老鹰吃小鸡,都市,地窟入侵，武道崛起。小人物也有大情怀，为生存而战，为守护而战。且看小人物方平，一步步崛起，拯救（忽悠）全世界的故事！（一群群号555700424已满，二群群号931250725已满,最新更新 第634章 前往镇星城（万更求订阅）,2018-12-22 23:48,0.0
4,//bookcover.yuewen.com/qdbimg/349573/1010399782/150,太初,高楼大厦,玄幻,一树生的万朵花，天下道门是一家。法术千般变化，人心却亘古不变,最新更新 第一千三百五十七章 夺天命向死而生【十更】,2018-12-22 11:31,0.0
5,//bookcover.yuewen.com/qdbimg/349573/1010868264/150,诡秘之主,爱潜水的乌贼,玄幻,蒸汽与机械的浪潮中，谁能触及非凡？历史和黑暗的迷雾里，又是谁在耳语？我从诡秘中醒来，睁眼看见这个世界：枪械，大炮，巨舰，飞空艇，差分机；魔药，占卜，诅咒，倒吊人，封印物……光明依旧,最新更新 第六十三章 狂怒的卡维图瓦,2018-12-23 12:30,0.0
6,//bookcover.yuewen.com/qdbimg/349573/1011489683/150,民国谍影,寻青藤,军事,一个平凡普通的公务员，机缘巧合回到了民国二十五年，被迫加入军统，寻找地下组织，追查日本间谍，在波澜壮阔的大时代中为祖国，为民族的解放与复兴贡献着自己的一份力量，开始了他传奇的谍海生,最新更新 第四百一十七章 亲自跟踪,2018-12-23 10:00,0.0
7,//bookcover.yuewen.com/qdbimg/349573/1011705052/150,明朝败家子,上山打老虎额,历史,弘治十一年。这是一个美好的清晨。此时朱厚照初成年。此时王守仁和唐伯虎磨刀霍霍，预备科举。此时小冰河期已经来临，绵长的严寒肆虐着大地。此时在南和伯府里，地主家的傻儿子，南和伯的嫡传继,最新更新 第八百八十章：上阵父子兵,2018-12-23 14:03,0.0
8,//bookcover.yuewen.com/qdbimg/349573/1009704712/150,牧神记,宅猪,玄幻,大墟的祖训说，天黑，别出门。大墟残老村的老弱病残们从江边捡到了一个婴儿，取名秦牧，含辛茹苦将他养大。这一天夜幕降临，黑暗笼罩大墟，秦牧走出了家门……做个春风中荡漾的反派吧！瞎子对他,最新更新 第一二三二章 捡个御天尊（第二更）,2018-12-23 12:00,0.0
9,//bookcover.yuewen.com/qdbimg/349573/1004179514/150,天道图书馆,横扫天涯,玄幻,【2017最火玄幻作品，海外点推双榜第一】张悬穿越异界，成了一名光荣的教师，脑海中多出了一个神秘的图书馆。只要他看过的东西，无论人还是物，都能自动形成书籍，记录下对方各种各样的缺点,最新更新 第一千七百二十七章 却之不恭,2018-12-23 12:00,0.0
10,//bookcover.yuewen.com/qdbimg/349573/1011486666/150,大医凌然,志鸟村,都市,医学院学生凌然有一个小目标，要成为世界上最伟大的医生，结果不小心实现了。,最新更新 第439章 非常自信,2018-12-23 07:54,0.0
11,//bookcover.yuewen.com/qdbimg/349573/1010734492/150,凡人修仙之仙界篇,忘语,仙侠,凡人修仙，风云再起时空穿梭，轮回逆转金仙太乙，大罗道祖三千大道，法则至尊《凡人修仙传》仙界篇，一个韩立叱咤仙界的故事，一个凡人小子修仙的不灭传说。特说明下，没有看过前传的书友，并不,最新更新 第六百二十五章 “二指禅”,2018-12-23 12:47,0.0
12,//bookcover.yuewen.com/qdbimg/349573/1009480992/150,超神机械师,齐佩甲,游戏,韩萧，《星海》骨灰级代练，被来自东（zuo）方(zhe)的神秘力量扔进穿越大军，携带玩家面板变成NPC，回到《星海》公测之前，毅然选择难度最高的机械系。战舰列队纵横星海，星辰机甲夭,最新更新 766 福利与近卫官组建,2018-12-22 22:02,0.0
13,//bookcover.yuewen.com/qdbimg/349573/1012982353/150,史上最强赘婿,沉默的糕点,玄幻,穿越异世成为财主家的小白脸赘婿，因太废物被赶出来。于是他发奋图强，找一个更有权有势绝美高贵的豪门千金做了上门女婿。练武是不可能练武的，这辈子都不可能练武，只能靠吃软饭才能维持生活！,最新更新 第246章:浪爷大屠戮！天变!,2018-12-22 22:56,0.0
14,//bookcover.yuewen.com/qdbimg/349573/1011058239/150,伏天氏,净无痕,玄幻,东方神州，有人皇立道统，有圣贤宗门传道，有诸侯雄踞一方王国，诸强林立，神州动乱千万载，值此之时，一代天骄叶青帝及东凰大帝横空出世，东方神州一统！然，叶青帝忽然暴毙，世间雕像尽皆被毁,最新更新 第七百四十八章 西华圣山之邀,2018-12-23 13:15,0.0
15,//bookcover.yuewen.com/qdbimg/349573/3602691/150,修真聊天群,圣骑士的传说,都市,某天，宋书航意外加入了一个仙侠中二病资深患者的交流群，里面的群友们都以‘道友’相称，群名片都是各种府主、洞主、真人、天师。连群主走失的宠物犬都称为大妖犬离家出走。整天聊的是炼丹、闯,最新更新 第2401章 这是什么东西，谁创造的？,2018-12-23 08:43,0.0
16,//bookcover.yuewen.com/qdbimg/349573/1010136878/150,汉乡,孑与2,历史,我们接受了祖先的遗产，这让中华辉煌了数千年，我们是如此的心安理得，从未想过要回归那个在刀耕火种中苦苦寻找出路的时代。反哺我们苦难的祖先，并从中找到故乡的真正意义，将是本书要讲的故事,最新更新 第一五七章宦官不总是可恶的,2018-12-22 23:51,0.0
17,//bookcover.yuewen.com/qdbimg/349573/1004608738/150,圣墟,辰东,玄幻,在破败中崛起，在寂灭中复苏。沧海成尘，雷电枯竭，那一缕幽雾又一次临近大地，世间的枷锁被打开了，一个全新的世界就此揭开神秘的一角……,最新更新 第1327章 故人都来了,2018-12-23 07:00,0.0
18,//bookcover.yuewen.com/qdbimg/349573/1011449273/150,学霸的黑科技系统,晨星LL,科幻,“系统，积分能兑钱吗？”“不能。”“干，那我要你何用！”“本系统能让你当上学爸，全人类爸爸的爸，你还要钱有什么用？”,最新更新 第628章 《自然周刊》的专访,2018-12-23 09:51,0.0
19,//bookcover.yuewen.com/qdbimg/349573/1010400217/150,黎明之剑,远瞳,科幻,高文穿越了，但穿越的时候稍微出了点问题。在某个异界大陆上空飘了十几万年之后，他觉得自己可能需要一具身体才算是成为一个完整的穿越者，但他并没想到自己好不容易成功之后竟然还需要带着这具,最新更新 第三百八十四章 意料之外的战斗,2018-12-23 08:05,0.0
20,//bookcover.yuewen.com/qdbimg/349573/1010327039/150,三寸人间,耳根,仙侠,举头三尺无神明，掌心三寸是人间。这是耳根继《仙逆》《求魔》《我欲封天》《一念永恒》后，创作的第五部长篇小说《三寸人间》。,最新更新 第402章 克之！,2018-12-23 11:50,0.0
21,//bookcover.yuewen.com/qdbimg/349573/3489766/150,全职法师,乱,玄幻,一觉醒来，世界大变。熟悉的高中传授的是魔法，告诉大家要成为一名出色的魔法师。居住的都市之外游荡着袭击人类的魔物妖兽，虎视眈眈。崇尚科学的世界变成了崇尚魔法，偏偏有着一样以学渣看待自,最新更新 第2638章 你饿了？,2018-12-23 00:00,0.0
22,//bookcover.yuewen.com/qdbimg/349573/1011576939/150,同桌凶猛,柳下挥,都市,青梅竹马的同桌竟然成了大明星，又凶又萌。近卫军冲锋右营：92411492,最新更新 第一百二十一章、膨胀！,2018-12-23 13:12,0.0
23,//bookcover.yuewen.com/qdbimg/349573/1010732487/150,圣武称尊,小圆源,玄幻,武道巅峰是为圣，圣者如星吾独尊！无脑小白文，不喜勿喷。书友群：637585424,最新更新 第七百零四章 妖孽驾到,2018-12-22 11:40,0.0
24,//bookcover.yuewen.com/qdbimg/349573/1011831961/150,天下第九,鹅是老五,仙侠,无尽宇宙之中有八道鸿蒙道则，这八道道则每一道都被一个无上强者融合。没有人知道，宇宙之中还有第九道道则，这一道道则破开鸿蒙，无人可触。,最新更新 第四五一章 去了必死,2018-12-22 21:00,0.0
25,//bookcover.yuewen.com/qdbimg/349573/1011335417/150,深夜书屋,纯洁滴小龙,悬疑灵异,一家只在深夜开门营业的书屋，欢迎您的光临。————————《舵主群》：587980337（进群粉丝值验证）《读书群》：523978007（无需验证）《战斗群》：457654443（,最新更新 第六百六十八章 僵尸事件,2018-12-22 22:13,0.0
26,//bookcover.yuewen.com/qdbimg/349573/1012797863/150,电影世界私人订制,昨夜大雨,科幻,每部电影都是一段旅程，玛丽莲梦露的性感风情，海外孤岛的无限孤寂，奥黛丽赫本的倾情一吻，努力活着的苦难历程。带你进入电影世界，感受不一样的人生。如果你有特别想要经历的、想要得到的、想,最新更新 第472章：真正的铁血战士,2018-12-23 00:05,0.0
27,//bookcover.yuewen.com/qdbimg/349573/1010468795/150,飞剑问道,我吃西红柿,仙侠,在这个世界，有狐仙、河神、水怪、大妖，也有求长生的修行者。修行者们，开法眼，可看妖魔鬼怪。炼一口飞剑，可千里杀敌。千里眼、顺风耳，更可探查四方。……秦府二公子‘秦云’，便是一位修行,最新更新 第十八篇 第九章 七星连杀,2018-12-23 03:56,0.0
28,//bookcover.yuewen.com/qdbimg/349573/1011452759/150,小世界其乐无穷,听日,科幻,超凡者打破了世界的寂静，科技树从此拐弯。当人类在黑暗中寻找进化的道路，我拆下肋骨，燃烧心脏，熬夜爆肝，成为他们的先驱。这是一个玩家玩弄世界的游戏历程。小世界，其乐无穷。,最新更新 第546章 白嫖失败,2018-12-23 11:00,0.0
29,//bookcover.yuewen.com/qdbimg/349573/1009817672/150,轮回乐园,那一只蚊子,二次元,苏晓与轮回乐园签订契约，穿梭在各个动漫世界内执行任务。喰种世界，苏晓手持利刃追杀独眼枭·高槻泉十几条街区。顶上战场，苏晓站在海军的尸堆上，遥望处刑台上脸色难看的战国，以及目瞪口呆的,最新更新 第七十三章：所有奶妈的梦想,2018-12-22 19:11,0.0
30,//bookcover.yuewen.com/qdbimg/349573/1012352630/150,我的女友是恶女,海底漫步者,都市,不幸意外身亡的北秀之魂穿到了一位日本高中生身上，被迫开始了在日本的留学之旅，于是他经过仔细思考，决定为这次的人生搏个高起点。玩？不玩，学习！恋爱？不恋爱，学习！目标上名校，谁也别拦,最新更新 第三百六十七章 大赛前的过场,2018-12-22 23:50,0.0
31,//bookcover.yuewen.com/qdbimg/349573/3173393/150,儒道至圣,永恒之火,玄幻,这是一个读书人掌握天地之力的世界。才气在身，诗可杀敌，词能灭军，文章安天下。秀才提笔，纸上谈兵；举人杀敌，出口成章；进士一怒，唇枪舌剑。圣人驾临，口诛笔伐，可诛人，可判天子无道，以,最新更新 第2894章 翻身做主,2018-12-22 21:50,0.0
32,//bookcover.yuewen.com/qdbimg/349573/1003541158/150,我的1979,争斤论两花花帽,都市,一觉醒来，回到70年代，再次面对过往，你猜不透的结局..........,最新更新 206、文化有余戎事略,2018-12-22 19:58,0.0
33,//bookcover.yuewen.com/qdbimg/349573/1010191960/150,大王饶命,会说话的肘子,都市,高中生吕树在一场车祸中改变人生，当灵气复苏时代来袭，他要做这时代的领跑者。物竞天择，胜者为王。……全订验证群号：696087569,最新更新 吕小树生日快乐,2018-12-20 08:01,0.0
34,//bookcover.yuewen.com/qdbimg/349573/1011097497/150,秦吏,七月新番,历史,战国之末，华夏千年未有之大变局。有人天生世卿。有人贵为公子。他却重生成秦国小卒黑夫，云梦秦简中的小人物。为免死于沟壑，为掌握自己命运，他奋力向上攀爬。好在，他赶上了一个大时代。六王,最新更新 第686章 不知足,2018-12-22 23:49,0.0
35,//bookcover.yuewen.com/qdbimg/349573/1003667321/150,美食供应商,会做菜的猫,都市,“在遥远的东方，存在着一个数次拒绝了米其林三星评价的奇怪小店。那里价格昂贵，一碗配汤蛋炒饭288RMB，哦忘了还有一碟泡菜，但就算是这样也有很多人排队等候。那里不接受预定，只接受本,最新更新 第一千四百一十四章 人间值得,2018-12-23 14:23,0.0
36,//bookcover.yuewen.com/qdbimg/349573/3223937/150,神话版三国,坟土荒草,历史,陈曦看着将一块数百斤巨石撇出去的士卒，无语望苍天，这真的是东汉末年？吕布单枪匹马凿穿万人部队，这怎么看都不科学。赵子龙真心龙魂附体了，一剑断山，这真的是人？典韦单人护着曹操杀出敌营,最新更新 奶一下新书~,2018-12-23 12:00,0.0
37,//bookcover.yuewen.com/qdbimg/349573/1010496369/150,大道朝天,猫腻,玄幻,千里杀一人，十步不愿行。（大道朝天官方一群，群号码：311875513，大道朝天官方二群，群号码：220593959，欢迎加入）,最新更新 第十二章神末峰的小东西们,2018-12-22 22:33,0.0
38,//bookcover.yuewen.com/qdbimg/349573/1012851022/150,诸天最强大佬,七只跳蚤,科幻,燃烧气运，可以穿梭诸天，楚毅睁开眼便发现自己躺在净身房里，一个老太监拿着一把刀子冲着自己胯下比划着……《电影世界大盗》600万字精品老书，信誉保障！等不及的可以看看老书哦。建了个群,最新更新 第三百五十四章 王守仁的选择【2更】,2018-12-23 00:39,0.0
39,//bookcover.yuewen.com/qdbimg/349573/1013026063/150,重生野性时代,王梓钧,都市,从2018回到1993，记忆中，那一年的夏天很热。,最新更新 210【女霸王】,2018-12-23 01:43,0.0
40,//bookcover.yuewen.com/qdbimg/349573/1010177519/150,红楼之庶子风流,屋外风吹凉,历史,外科医生贾琮过劳而卒，魂穿荣府。谱一曲红楼幽梦，唱一世庶子风流。,最新更新 第七百二十四章 如此幸运,2018-12-23 07:00,0.0
41,//bookcover.yuewen.com/qdbimg/349573/1011512936/150,神宠进化,酒池醉,玄幻,新纪元来临，天地异变。地星本土动植物疯狂变异、返祖，异界物种沦落地星，最终新纪元人类诞生一种全新的职业御使。收服怪物，培养怪物，训练怪物，这就是御使。一个怀揣着梦想的少年懵懵憧憧的,最新更新 第六百三十九章 魔柳（第二更）,2018-12-23 02:53,0.0
42,//bookcover.yuewen.com/qdbimg/349573/3393401/150,极品全能学生,花都大少,都市,【最火爆畅销书】一场车祸改变了我的屌丝人生。各种奇遇接连而来。考试满分，刮刮乐必中，篮球天才，游泳健将选一个？不，老子就是全能。QQ群：203799451【花都出品，必定精品。】,最新更新 第8090章 夏天的绝路,2018-12-23 12:19,0.0
43,//bookcover.yuewen.com/qdbimg/349573/1011471282/150,我真是个富二代,中秋月明,现实,拿着用掉漆的直板机、穿着廉价篮球裤的钱多多二十岁生日那天接了个电话：“多多，我给你拿了块地！”“顺丰快递么？”感谢父母的伟大凝结了我的血肉，感谢父母的睿智塑造了我的灵魂，最感谢父母,最新更新 397、人生也有彩票,2018-12-23 12:00,0.0
44,//bookcover.yuewen.com/qdbimg/349573/1979049/150,赘婿,愤怒的香蕉,历史,武朝末年，岁月峥嵘，天下纷乱，金辽相抗，局势动荡，百年屈辱，终于望见结束的第一缕曙光，天祚帝、完颜阿骨打、吴乞买，成吉思汗铁木真、札木合、赤老温、木华黎、博尔忽、博尔术、秦桧、岳飞,最新更新 第八九八章 十年砥砺 风雪寒霜（七）,2018-12-08 18:51,0.0
45,//bookcover.yuewen.com/qdbimg/349573/1011832263/150,恶魔就在身边,汉宝,玄幻,陈曌能召唤恶魔，能够看到死亡。“别西卜，用你暴食者的能力，为这位客户治疗一下厌食症。”“雷蒙，这位老年人想重新获得男性的能力，你懂的。”“老黑，你和我说实话，这人什么时候死，怎么死,最新更新 01490 现世中的龙族,2018-12-23 03:03,0.0
46,//bookcover.yuewen.com/qdbimg/349573/1013228494/150,超神制卡师,零下九十度,玄幻,这是一只程序员在异世界‘刻光盘’的故事。PS：新书书友群(783084289）,最新更新 第一百五十五章 你那个来了？,2018-12-23 11:30,0.0
47,//bookcover.yuewen.com/qdbimg/349573/1010426071/150,诸界末日在线,烟火成城,科幻,诸界的末日降临，魔王的秩序收割着众生性命，在绝望的黑暗之中，有一人挣脱时空的束缚，回到世界崩毁之前，决心要改变自己的命运，但是，随着时间的推移，他发现末日并不是那么简单……（书友群,最新更新 第九百三十章 里世界之卡,2018-12-23 12:04,0.0
48,//bookcover.yuewen.com/qdbimg/349573/1005061389/150,如意小郎君,荣小荣,历史,21世纪双料硕士，魂穿古代。没有戒指，没有系统，没有白胡子老爷爷，连关于这个世界的记忆都没有……贼老天，开局什么都没有，连自己是谁都不知道，这让我怎么玩？腹中饥饿难耐，心里郁闷透顶,最新更新 第四百六十四章 帮手,2018-12-23 12:55,0.0
49,//bookcover.yuewen.com/qdbimg/349573/1011717110/150,我真的长生不老,初恋璀璨如夏花,都市,本文讲述了一个长生不老的人应该如何在社会主义核心价值观的指导下，在现代人类社会中正确积极生活的故事。希望能够对其他长生者，特异功能人士，修仙者，外星人，非人类生物参与国家建设稳定和,最新更新 第169章 一点也不可爱和十分可爱,2018-12-22 23:19,0.0
50,//bookcover.yuewen.com/qdbimg/349573/1011207893/150,还看今朝,瑞根,都市,当扑面而来的时代巨澜把懵懵懂懂的沙正阳卷入其中时，他是随波逐流，风花雪月，还是长缨在手，逆流击波？干想干的事，为恣意人生。做该做的事，为家国情怀。一万年太久，只争朝夕！到中流击水，,最新更新 第五卷 第一百一十五节 室友,2018-12-23 11:39,0.0
51,//bookcover.yuewen.com/qdbimg/349573/1011481125/150,这里有妖气,咬火,玄幻,（重要提示：剧情有恐怖元素，未成年胆小勿看。〖2万均订玄幻精品〗）你翻了翻《世界未解之谜》，一无所获。你不死心，在家中搜到一瓶六味地黄丸，成功强化出八颗肾六味地黄丸。你走在路上捡到,最新更新 第585章 大石佛，降临,2018-12-22 23:55,0.0
52,//bookcover.yuewen.com/qdbimg/349573/1003306811/150,放开那个女巫,二目,奇幻,程岩原以为穿越到了欧洲中世纪，成为了一位光荣的王子。但这世界似乎跟自己想的不太一样？女巫真实存在，而且还真具有魔力？女巫种田文，将种田进行到底。,最新更新 第一千三百四十二章 延绵之势,2018-12-22 23:23,0.0
53,//bookcover.yuewen.com/qdbimg/349573/1012223036/150,篮坛第一外挂,静悄悄地写,体育,林易先是用Crossover在三分线弧顶晃开了防守人的重心，紧接着用山姆高德过掉了补防的阿里扎，哇靠！不看人传球，队友空了！不，队友选择高抛，漂亮的空中接力！等等，怎么有点奇怪呢？,最新更新 0734章 自古文体两开花（冬至快乐X2）,2018-12-23 02:12,0.0
54,//bookcover.yuewen.com/qdbimg/349573/1011860223/150,异界召唤之千古群雄,东天不冷,玄幻,“吾吕布，灭门而来！”一杆方天画戟横空，璀璨诸天，破灭一切，传承了万万年的不朽圣地轰然崩塌，诸神陨灭！“李存孝在此，可敢一战？！”伟岸的身影踏临九天，眸光纵横万里，遥远处，百日耀空,最新更新 第七百八十四章 仙树何在！,2018-12-23 12:30,0.0
55,//bookcover.yuewen.com/qdbimg/349573/1010968945/150,重生之魔教教主,封七月,武侠,意外身亡，楚休发现自己竟然穿越到了游戏世界《大江湖》当中，成为了游戏中还没成长起来的，第三版的最终反派大boss，祸乱江湖的魔教教主！《大江湖》当中融汇无数武侠背景，有东岛之王天子,最新更新 第八百一十九章 机会来了！,2018-12-23 08:37,0.0
56,//bookcover.yuewen.com/qdbimg/349573/1012650551/150,奇迹的召唤师,如倾如诉,二次元,魔术的才能是一流，但体能的方面是废材？召唤的使魔可以是成千上万，但自己是独守后方？对此，只想说一句话。“那都不是事！”这是得到奇迹，亦对奇迹珍爱有加的少年的故事。“只要有使魔（同伴,最新更新 667 到来的熟悉人物,2018-12-23 13:16,0.0
57,//bookcover.yuewen.com/qdbimg/349573/1010539872/150,间谍的战争,如水意,军事,作为一个普通人却要向间谍宣战，最好的办法是同样成为一个间谍。作为一个间谍，要向一个实力强大的间谍组织开战，那就加入一个同样强大的间谍组织。如果无法加入任何一个强大的间谍组织，那就自,最新更新 第一千零七十四章 一顺百顺,2018-12-23 12:05,0.0
58,//bookcover.yuewen.com/qdbimg/349573/1013312193/150,科技霸权,秒速九光年,科幻,罗佳，姓罗的罗，上好佳的佳。地球科技界最大幕后黑手，没有之一。,最新更新 第一百五十五章 在东南亚征战，末位淘汰制度,2018-12-23 14:05,0.0
59,//bookcover.yuewen.com/qdbimg/349573/1012894975/150,原来我是妖二代,卖报小郎君,都市,李羡鱼二十岁那年，收到了父亲的遗产，一个年芳十八，貌美如花的祖奶奶。李羡鱼：“祖奶奶，为什么你这么年轻。”祖奶奶：“因为我十八那年就死了。”李羡鱼：Σ(っ°Д°;)っ原来我是妖二代,最新更新 279 我发现了一条.....,2018-12-23 05:13,0.0
60,//bookcover.yuewen.com/qdbimg/349573/3546912/150,万古神帝,飞天鱼,玄幻,八百年前，明帝之子张若尘，被他的未婚妻池瑶公主杀死，一代天骄，就此陨落。八百年后，张若尘重新活了过来，却发现曾经杀死他的未婚妻，已经统一昆仑界，开辟出第一中央帝国，号称“池瑶女皇”,最新更新 第二千一百四十九章 不服，便杀之,2018-12-22 14:11,0.0
61,//bookcover.yuewen.com/qdbimg/349573/1011526746/150,覆汉,榴弹怕水,历史,努力闻达于诸侯，以求苟全性命于乱世！作为一个遗腹子，公孙珣很早就从自己那个号称穿越者的老娘处获取了人生指导纲领。然而，跟着历史大潮随波逐流了一年又一年，他却发现情况渐渐有些不对了！,最新更新 第六章 河内洛中两相隔,2018-12-23 00:31,0.0
62,//bookcover.yuewen.com/qdbimg/349573/1009272869/150,极品捉鬼系统,解三千,悬疑灵异,鬼王：“等等！我闻到了人类装逼的气息，撤……。”阎王爷：“十万阴兵听令，给我拿下那装逼犯。”万众瞩目之下，楚浩扔出一柄剑：“这轩辕剑你拿好，以后别在我面前装逼。”这天，这地，这沧海,最新更新 第一千七百三十七章 谁人面前我不敢装逼！,2018-12-23 02:30,0.0
63,//bookcover.yuewen.com/qdbimg/349573/1008984041/150,一品道门,第九天命,仙侠,二十一世纪道家弟子张百仁，因为触动先天剑胎，逆转时空降临隋唐时空。论道钟离权，斗剑吕洞宾！拂袖压玄奘，一剑退达摩！统御之权，归于至圣，天命帝以司牧，帝承天而抚临。这一日，张百仁背负,最新更新 第一千六百百九十章 刘禅的谜底,2018-12-23 07:17,0.0
64,//bookcover.yuewen.com/qdbimg/349573/1010737835/150,大数据修仙,陈风笑,仙侠,冯君身为985的双学位，毕业就失业了，在都市中艰难打拼，偏偏还放不下架子，他的处境可想而知。直到有一天，他和手机被雷劈了，猛然发现，原来自己可以化身数据，进入app中。化身数据进入,最新更新 第八百八十四章 谁亏了？,2018-12-22 20:55,0.0
65,//bookcover.yuewen.com/qdbimg/349573/1004086548/150,永恒国度,孤独漂流,仙侠,2019年9月23日凌晨，天灾降临。天道生变，万灵欲念执念充斥天地，天道不能承受，恶念横行，众生意念演变幻想世界，恶念，善念，执念，欲望纠缠不休，天道无法承受，已到极限，极则变，幻,最新更新 第1459章 两界阴墟,2018-12-22 23:35,0.0
66,//bookcover.yuewen.com/qdbimg/349573/3394273/150,凌天战尊,风轻扬,玄幻,地球最强兵王魂穿异世，融轮回武帝记忆，修《九龙战尊诀》，所向披靡，战威无可敌！会炼药、能炼器、懂铭纹……生活职业，全能才是王道！！,最新更新 第3295章 烟雨仙皇,2018-12-23 06:35,0.0
67,//bookcover.yuewen.com/qdbimg/349573/1012426341/150,黄庭道主,妖僧花无缺,游戏,地球青年陆青峰因车祸意外死亡，穿越到仙侠世界，并获得两千年后地球联邦开发出的大型真实网游《洪荒》登陆戒指……PS：建了两个书友群VIP群（粉丝值3000+）：486411676普通,最新更新 第四百一十六章 广元神君？！,2018-12-23 08:00,0.0
68,//bookcover.yuewen.com/qdbimg/349573/1010815544/150,奶爸的异界餐厅,轻语江湖,二次元,诺兰大陆的混乱之城中，有着一家奇怪的餐厅。在这里，精灵要和矮人拼桌，兽人被严禁喧哗，巨龙只能围坐在餐厅前的小广场上，恶魔甚至需要自己带特制的凳子……但就是这么一家规矩奇葩的餐厅，门,最新更新 第九百八十四章 哈达，你父亲来找你了！,2018-12-22 23:54,0.0
69,//bookcover.yuewen.com/qdbimg/349573/1011040896/150,诸天投影,裴屠狗,科幻,国术世界中，他国术大成，拳压王无敌！大明江湖中，他横行无忌，天下第一！手捏生死，拳破虚空！白蛇之中，画一卷万妖之图！遮天世界，魔主天下，威慑禁区！完美之中，我为魔皇！西游之中，论道,最新更新 第1048章 仙道斩三尸,2018-12-22 22:22,0.0
70,//bookcover.yuewen.com/qdbimg/349573/1009382011/150,哈利波特之学霸无敌,桐棠,奇幻,人人都怕神秘人，救世主哈利有逆天运气，艾伦·哈里斯有学霸无敌系统，看学霸在巫师世界翻云覆雨，创造传奇！《哈利波特之学霸无敌》现在已经开通了三个书友群：巫师部落（VIP订阅群，全订本,最新更新 第四百九十三章 正确的方式,2018-12-23 00:00,0.0
71,//bookcover.yuewen.com/qdbimg/349573/1012449412/150,造梦天师,李鸿天,玄幻,大梦几千秋，春梦了无痕。全民做梦的时代，大家依靠体验不同的梦境来修行。一个做噩梦的少年，手握一张噩梦修行的卡片……从此……他如魔王般崛起，似烈日般璀璨！他要用双手，成就所有人的梦！,最新更新 第四百七十七章 本尊面子还是有的【第一更】,2018-12-23 11:00,0.0
72,//bookcover.yuewen.com/qdbimg/349573/1013302100/150,联盟之佣兵系统,初四兮,游戏,S5，被称之为LPL最有希望夺冠的一年。是外援横行的一年。是SKT拿到冠军最轻松的一年。是uzi出道后首次未能进入到S赛的一年。是LPL最耻辱的一年！李牧偶得佣兵系统，他誓要改变这,最新更新 第二百三十九章 看我神威，无坚不摧！（保底1）,2018-12-23 12:00,0.0
73,//bookcover.yuewen.com/qdbimg/349573/1013048595/150,随身带个狩猎空间,青空洗雨,玄幻,陆泽穿越到了两千年后的星际时代。前身自带常年秀恩爱虐狗的父母和可爱的妹妹，虽然修炼天赋普普通通，但是生活圆满，可以说是梦幻开局了，陆泽表示很满意。结果刚一睡下，陆泽就来到了个奇怪的,最新更新 第234章 变相送钱？【为你到底瞅我干哈盟主加更】,2018-12-22 21:13,0.0
74,//bookcover.yuewen.com/qdbimg/349573/1013312262/150,我真是良民,二将,都市,这是一个小人物，慢慢向上攀爬奋斗的故事~,最新更新 第181章 一声叹息（2/3）,2018-12-23 00:07,0.0
75,//bookcover.yuewen.com/qdbimg/349573/1005986994/150,我是至尊,风凌天下,玄幻,药不成丹只是毒，人不成神终成灰。…………天道有缺，人间不平，红尘世外，魍魉横行；哀尔良善，怒尔不争；规则之外，吾来执行。布武天下，屠尽不平；手中有刀，心中有情；怀中美人，刀下奸雄；,最新更新 第二百三十九章 我们继续！,2018-12-23 00:12,0.0
76,//bookcover.yuewen.com/qdbimg/349573/1003651309/150,天神诀,太一生水,玄幻,【火爆玄幻】一滴魔血，照破山河万朵。一卷古经，湮灭日月轮回。一部神诀，埋葬诸天至尊。杨青玄得天命传承，修无敌之法，开启了一场碾压当世无数天才，通往万古不朽的强者之路！“我一向以德服,最新更新 第2421章 联盟架构，以点破面,2018-12-22 23:13,0.0
77,//bookcover.yuewen.com/qdbimg/349573/1012850575/150,影视世界当神探,冰原三雅,科幻,书名——影视世界之辣手警探。（上架后，很难改书名了，特此说明）路克重生了，还重生到了美国。但他渐渐发现，这个美国并不是上一世的那个美国。这里有着影视世界里的超凡能力和人物，他要如何,最新更新 465章禽兽！放开那个女孩，让我来（1更）,2018-12-23 11:00,0.0
78,//bookcover.yuewen.com/qdbimg/349573/1004174819/150,都市超级医圣,断桥残雪,都市,财法侣地，修行其实是一项非常耗钱的奢侈运动。无意中得到传说中修道，炼丹，医药学家葛洪的传承，淳朴的山里人葛东旭开始努力赚钱。当大多数人还在读高中时，他为了炼丹修行已经开始一边读书一,最新更新 第两千五十三章 真正的龙爪,2018-12-23 07:35,0.0
79,//bookcover.yuewen.com/qdbimg/349573/1012208137/150,艾泽拉斯死亡轨迹,驿路羁旅,游戏,他们称呼为我亡者的君主、生命永寂者、万物践踏者、灵魂尖啸者、战争鞭挞者。他们传说我驾驭万灵，撕裂命运，打碎枷锁，压迫众生。他们讽刺我以鲜血为饵，用饥荒与战争编织世界的末日。他们诋毁,最新更新 66.安娜日记.露希尔一家,2018-12-23 12:00,0.0
80,//bookcover.yuewen.com/qdbimg/349573/1010245952/150,重燃,奥尔良烤鲟鱼堡,都市,程燃重生在这个熟悉又陌生的世界……程程皆燃。官方qq群：263685930（已满）二群：769607127,最新更新 第八十四章 我们继续,2018-12-22 01:12,0.0
81,//bookcover.yuewen.com/qdbimg/349573/1011311347/150,无敌神龙养成系统,九九三,都市,变身神龙，统御四海！海洋中，他是唯一的神龙，建立海底龙宫。虾兵蟹将跟随左右，海底狂鲨、巨型章鱼是为小弟。都市中，他龙游都市....（另推荐本人精品老书：我可以变成鱼，精彩可读！）书,最新更新 1382 震惊的鎏金家族,2018-12-23 02:28,0.0
82,//bookcover.yuewen.com/qdbimg/349573/1010514176/150,重生军工子弟,葫芦村人,都市,工业革命之后，欧洲科技发展数百年，新中国成立不过几十年。普通科技产业，我们需要埋头追赶；在高精尖端领域，我们需要弯道超车。作为一名在军工单位奋斗了数十年的技术人员，谢凯重生了，回到,最新更新 1141 夜半，祝老总上门（1/5）,2018-12-22 17:45,0.0
83,//bookcover.yuewen.com/qdbimg/349573/1013311315/150,篮坛之氪金无敌,肉末大茄子,体育,氪金系统，拥有者赚到多少钱，就会产生多少氪金值，氪金值可以在系统商场消费。赚到一笔，消费两笔，史上最美滋滋系统。ps：已有完本精品《体坛之召唤猛将》、《体坛之篮球教父》，请放心收藏,最新更新 第二百八十五章 速效救心丸（3/5）,2018-12-23 12:00,0.0
84,//bookcover.yuewen.com/qdbimg/349573/2494758/150,武炼巅峰,莫默,玄幻,武之巅峰，是孤独，是寂寞，是漫漫求索，是高处不胜寒逆境中成长，绝地里求生，不屈不饶，才能堪破武之极道。凌霄阁试炼弟子兼扫地小厮杨开偶获一本无字黑书，从此踏上漫漫武道。,最新更新 第四千四百九十九章 阴差阳错,2018-12-23 07:57,0.0
85,//bookcover.yuewen.com/qdbimg/349573/1003692682/150,超级神基因,十二翼黑暗炽天使,玄幻,未来波澜壮阔的星际时代，人类终于攻克了空间传送技术，可是当人类传送到另一端的时候，却发现那里并不是过去未来，也不是星空下的任何一片土地……神秘的庇护所世界，无数强横的异生物，人类迎,最新更新 第三千三百一十五章 反噬,2018-12-23 12:00,0.0
86,//bookcover.yuewen.com/qdbimg/349573/1012845051/150,抗战之兵魂传说,丑牛1985,军事,本书为《抗日之兵魂传说》姊妹篇！日本将军说：“孙浩的部队不是八路，我确定他不是八路，八路肯定不会有这么精良的装备。你们要相信我，他不是八路！”日本的情报部门说：“他是一个最不讲信用,最新更新 第590章板恒征四郎的计划（四更）,2018-12-22 22:04,0.0
87,//bookcover.yuewen.com/qdbimg/349573/1004151636/150,大国重工,齐橙,都市,冶金装备、矿山装备、电力装备、海工装备……一个泱泱大国，不能没有自己的重型装备工业。国家重大装备办处长冯啸辰穿越到了1980年，看他如何与同代人一道，用汗水和智慧，铸就大国重工,最新更新 第八百四十一章 不作死就不会死,2018-12-22 13:32,0.0
88,//bookcover.yuewen.com/qdbimg/349573/1011251974/150,联盟之魔王系统,神秘的大西瓜,游戏,理科学神陈牧，目标最高学府的好学生，却被系统选中，必须成为英雄联盟的大魔王！群聊号码：438301318vip群：584989166（粉丝值弟子以上）,最新更新 第八百三十四章 火星撞地球,2018-12-22 23:52,0.0
89,//bookcover.yuewen.com/qdbimg/349573/1011049064/150,一品修仙,不放心油条,仙侠,古老的仙道世界，历久弥新，一代代天骄英豪，你方唱罢我登台。正是一个大时代沉寂许久之时，一个穿越而来的少年，在曾经闻名天下，现已废弃多时的壶梁，探出自己的罪恶之手。“我告诉你们，只有,最新更新 第四三八章 不断掣肘，顺势撒手,2018-12-22 22:26,0.0
90,//bookcover.yuewen.com/qdbimg/349573/1013012550/150,我真不是神仙,刀一耕,都市,一觉醒来，居然回到了2016年。灵气复苏所引发的全球巨变尚未到来，赵子建已经开始独自前行。最初他只想独善其身，并保护好自己珍惜的人，却一不留神成了新世界的神。,最新更新 第二二四章 就差你了！,2018-12-23 08:10,0.0
91,//bookcover.yuewen.com/qdbimg/349573/1004936518/150,未来天王,陈词懒调,科幻,末世时期战死的老军团长，重生为末世结束五百年后的新世纪小鲜肉（？）……“每当我脑子里响起BGM的时候，就觉得自己无所畏惧。”——方召。————————————————已创作三本小说,最新更新 第396章 轰炸机,2018-12-23 02:14,0.0
92,//bookcover.yuewen.com/qdbimg/349573/2527417/150,蛊真人,蛊真人,仙侠,人是万物之灵，蛊是天地真精。在一个养蛊、炼蛊、用蛊的奇特世界中，一个穿越者不断重生，矢志永生的励志故事。雄山漫道真如铁，如今迈步从头越。险就一身乾坤精，我心依旧望苍天！蛊真人活动主,最新更新 第二百零一节：木像君吴广,2018-12-22 20:00,0.0
93,//bookcover.yuewen.com/qdbimg/349573/1010981643/150,开天录,血红,玄幻,生存，很容易。生活，很艰难。我族，要的不是卑下的生存，而是昂首、高傲的生活。我族，誓不为奴！,最新更新 第二百零五章 转身变脸,2018-12-23 12:05,0.0
94,//bookcover.yuewen.com/qdbimg/349573/1013390519/150,全球影帝,黑心火柴,都市,“他是《拳王》中的铁血硬汉。”“也是《百年之恋》中的孤独老人。”“是《股市大亨》中花天酒地的金融巨鳄。”“还是《赎罪》中的疯狂且残忍的冷血杀手。”“是草根，也是现代体验派表演形式的,最新更新 第一百三十六章 鼓掌吧,2018-12-22 22:25,0.0
95,//bookcover.yuewen.com/qdbimg/349573/1012373605/150,我的女友真是大明星,风中的哀伤,都市,“姐，告诉你一个秘密。”唐宝宝偷偷摸摸说道。“什么？”“我找了一个明星当女朋友。”唐宝宝美滋滋道。“女明星！什么来头！有你姐漂亮吗！身材有你姐好吗！腿有你姐的长吗！唐宝宝你现在出息,最新更新 第547章 又开始上班,2018-12-22 19:23,0.0
96,//bookcover.yuewen.com/qdbimg/349573/1209977/150,斗破苍穹,天蚕土豆,玄幻,这里是属于斗气的世界，没有花俏艳丽的魔法，有的，仅仅是繁衍到巅峰的斗气！新书等级制度：斗者，斗师，大斗师，斗灵，斗王，斗皇，斗宗，斗尊，斗圣，斗帝。……吴磊、林允主演的同名电视剧9,最新更新 《斗破苍穹：斗帝之路》手游·角色传记（下）,2018-09-19 09:59,0.0
97,//bookcover.yuewen.com/qdbimg/349573/1011471481/150,这个明星来自地球,关乌鸦,都市,尚在拼搏奋斗的影视小编剧韩觉，一觉醒来发现不仅自己变了，连世界都变了。这里的华夏，娱乐产业之发达超过大洋彼岸的好莱坞。华夏金牛奖已成为全世界含金量最大的电影奖项。《歌手》作为歌手顶,最新更新 第365章：入魔窟（下）,2018-12-22 23:59,0.0
98,//bookcover.yuewen.com/qdbimg/349573/1013290743/150,我家后门通洪荒,天地有缺,玄幻,去了一趟洪荒，哦，任督二脉被打通了。再去一趟，成了仙门宗派眼珠子发红的先天道体！什么，你是三世散仙转世的仙葩，三千外功已圆满，百年能成仙，不要紧，我已经成了洪荒人族先师，地仙祖师，,最新更新 第174章 小术,2018-12-23 02:32,0.0
99,//bookcover.yuewen.com/qdbimg/349573/2083259/150,将夜,猫腻,玄幻,与天斗，其乐无穷。……陈飞宇、宋伊人主演的同名古风品质大剧10月31日起腾讯视频全网独播，每周三到周五20:00更新2集，会员始终多看6集。,最新更新 汇报三件事情,2014-05-04 21:57,0.0
100,//bookcover.yuewen.com/qdbimg/349573/1011432900/150,鹰掠九天,仲渊2,军事,距离高考还剩四个月，渡过除夕和生日这一天后，怀揣翱翔蓝天梦想的周海，突然发现梦想，第一次触手可及。这是一位天之骄子的故事，更是一个苍穹之巅的传奇。睥睨天下的战鹰，凝聚于身的白色音爆,最新更新 第七百七十八章 有没有错误？,2018-12-22 22:22,0.0
101,//bookcover.yuewen.com/qdbimg/349573/1009927196/150,都市超级医仙,南极海,都市,左手惊天医术、右手至强武功，携带百年记忆，重生回归都市，这一世，定要纵横无敌、执掌一切，登临苍穹之巅！,最新更新 第两千一百一十五章 不可同日而语（3更）,2018-12-22 12:11,0.0
102,//bookcover.yuewen.com/qdbimg/349573/1011573648/150,我的时空旅舍,金色茉莉花,都市,简而言之——这是一个开小旅馆的时空节点管理员与众多穿越者的故事。要么抵押宝贝，要么打工付房费！书友群：632110522（时空中转站）VIP群：908487825（安居宾馆，全订可,最新更新 第507章 运输工,2018-12-23 00:26,0.0
103,//bookcover.yuewen.com/qdbimg/349573/1011514146/150,都市阴阳师,巫九,悬疑灵异,【火爆新书】都市灯红酒绿，但是妖魔食人。阴影之下，几乎每日有人消失。正如当年震惊全国的僵尸事件以及猫老太太……然而人乃万灵之长，妖魔食人，自然也有降妖伏魔者出世。全真、正一、高僧、,最新更新 第一千二十二章 十万伏特！,2018-12-23 06:10,0.0
104,//bookcover.yuewen.com/qdbimg/349573/1012369914/150,万古最强宗,江湖再见,玄幻,废材？垃圾？本座调教下，全成为了天之骄子。圣尊？魔帝？本座念及修炼万载不易，收来做看门弟子。神器？至宝？本座弟子人手好几件。冷若冰霜？妩媚妖娆？温婉动人？傲娇泼辣？性格迥异的美女一,最新更新 第509章 名誉导师,2018-12-23 14:24,0.0
105,//bookcover.yuewen.com/qdbimg/349573/1010828549/150,至尊特工,8难,军事,千古隐门，一脉单传。秦阳16岁被师傅丢入龙组，19岁便成为了龙组的传说，为弥补师傅的遗憾，他踏入了中海大学的校门，开启了另一段传说……,最新更新 第一千三百二十章 先打了再说！,2018-12-23 03:49,0.0
106,//bookcover.yuewen.com/qdbimg/349573/3577214/150,我从凡间来,想见江南,仙侠,我从凡间来，到此觅长生。***********我从凡间来普通群：546435549vip书友群：556919537（需全订验证）,最新更新 四十三章 天衰如麻,2018-12-23 08:00,0.0
107,//bookcover.yuewen.com/qdbimg/349573/1011726382/150,兵者,七品,军事,【re血军文，火爆畅销】西北有兵，性如狼，暴若鹰，敏似狐；兵中有人，喝烈酒，擎战旗，杀如麻。兵者无王，胸中无畏；此生从戎，精忠报国！PS：燃烧你的鲜血，燃爆你的肾上腺，随着号角冲锋,最新更新 437 因为我是霍鹰扬,2018-12-22 20:08,0.0
108,//bookcover.yuewen.com/qdbimg/349573/1013013985/150,漫威里的德鲁伊,骑行拐杖,科幻,暗黑2召唤系德鲁伊上身，穿越成为漫威世界一个普通的社区学校的校长阿尔文凝视着乔治局长的眼睛，用冰冷的声音说道：“我要把那些利用我的学生去干坏事的人渣从他们的老巢里挖出来。我要把他们,最新更新 第三百零八章 地狱猫的战斗,2018-12-23 10:04,0.0
109,//bookcover.yuewen.com/qdbimg/349573/1013066244/150,重生商纣王,星辰雨,玄幻,重生商纣王，不一样的封神，穿越朱厚照、杨广、吕布····群：9.2.6.8.1.1.6.0.5，有兴趣可以加。,最新更新 第二百四十六章 独冠群芳、天下无双（1）,2018-12-23 13:03,0.0
110,//bookcover.yuewen.com/qdbimg/349573/1003530168/150,特拉福买家俱乐部,夕山白石,都市,洛邱无意之中成为了一家‘俱乐部’的老板。但是这家俱乐部好奇怪。它不仅仅拥有一个工作了三百年的人偶女仆，而且还会贩卖各种古怪的东西。洛邱渐渐发现，他生活着的社会之中，拥有着多不胜数为,最新更新 第十七章 歌者,2018-12-22 23:58,0.0
111,//bookcover.yuewen.com/qdbimg/349573/1115277/150,斗罗大陆,唐家三少,玄幻,唐门外门弟子唐三，因偷学内门绝学为唐门所不容，跳崖明志时却发现没有死，反而以另外一个身份来到了另一个世界，一个属于武魂的世界，名叫斗罗大陆。这里没有魔法，没有斗气，没有武术，却有神,最新更新 第二百三十六章 大结局，最后一个条件（全书完）,2009-12-13 07:42,0.0
112,//bookcover.yuewen.com/qdbimg/349573/1009397018/150,我修的可能是假仙,明月地上霜,二次元,简介？不存在的，书都是假的，简介当然也是假的啊！哈哈哈哈哈哈，假的，都是假的，什么修仙，什么小说，统统都是假的！不要碰朕！朕不要吃药，朕没疯！总有书友想害朕！哈哈哈哈，你们这些基佬,最新更新 第一千三百九十六章 神镜世界大升级（第一更）,2018-12-23 12:30,0.0
113,//bookcover.yuewen.com/qdbimg/349573/1011085659/150,纣临,三天两觉,科幻,死而以行为谥。残义损善者，谓之纣。然，此恶谥之祖，实是文治武功，一代枭雄。比之无数上谥之庸才，又当如何？若纣为罪，罪当再临。当这第五王国再次腐朽之时，逆十字的旗帜自当再现。那旗下之,最新更新 第十四章 猜词轮盘,2018-12-22 10:15,0.0
114,//bookcover.yuewen.com/qdbimg/349573/1011025383/150,帝国吃相,牧尘客,历史,陈旭一场车祸穿越到秦朝，而此时秦始皇刚刚统一六国失去了人生的奋斗目标。在考虑抱项羽大腿还是抱刘邦的大腿之中纠结迷茫很久之后，他给秦始皇敬献了一个地球仪。跨过高山越过沙漠，跟随大秦铁,最新更新 第876章 两点霞光,2018-12-23 08:10,0.0
115,//bookcover.yuewen.com/qdbimg/349573/1010532203/150,同时穿越了99个世界,凤嘲凰,科幻,在这个磕着碰着都能穿越的年代，作为穿越者没有系统、没有老爷爷、没有随身空间、也不能召唤，怎么办？杜克表示：我自己就是金手指！这是一个遭雷劈的穿越者，在无数个世界抱自己大腿的故事……,最新更新 第八百零二章 认真闪,2018-12-22 23:57,0.0
116,//bookcover.yuewen.com/qdbimg/349573/1012973000/150,杨小落的便宜奶爸,寒门,都市,蝉鸣鸟唱的夏夜，杨言站在小区门口，高高拎起一个大袋子，扬声笑喊：“落落，回家吃冰镇西瓜咯！”嗖！一只短腿的柯基迫不及待地从花丛里钻了出来，摇着小屁股，兴奋地跑向他。随后，一个小女孩,最新更新 第311章 选什么数字？选最大的呀！（3/3）,2018-12-23 00:24,0.0
117,//bookcover.yuewen.com/qdbimg/349573/1006894811/150,回到明朝当暴君,天煌贵胄,历史,朕为天子，乃受命于天，握秉乾坤，奋太祖之余烈，提天子剑，荡平不臣。晓谕八荒六合：普天之下，莫非王土，率土之滨，莫非王臣，蛮夷番邦，皆为汉臣妾也。普通群号：482571206，全订群,最新更新 请假,2018-12-22 22:36,0.0
118,//bookcover.yuewen.com/qdbimg/349573/1010741811/150,大劫主,黑山老鬼,仙侠,一卷道元真解，三千大道奇经。寒门少年踏仙路，十年苦读意难平。仙榜有吾名！无尽天骄崛起，一剑败尽英雄。不愿逐流从庸众，只求仰首见苍穹。此心本天生！,最新更新 第八百一十九章 兵打琅琊阁,2018-12-23 12:02,0.0
119,//bookcover.yuewen.com/qdbimg/349573/1931432/150,校花的贴身高手,鱼人二代,都市,传奇杀手回归都市，奉旨保护校花！我是校花的贴身高手，你们最好离我远一点，不然大小姐又要吃醋了！【鱼宝宝书友1群333702438（已满），鱼宝宝书友2群417723151】,最新更新 第7427章,2018-12-22 21:00,0.0
120,//bookcover.yuewen.com/qdbimg/349573/1012805465/150,拜师九叔,西瓜有皮不好吃,仙侠,不知道怎么写简介，就不写了吧，EMMMM.....................还是写一点吧，穿越民国年代，成为僵尸先生九叔的大弟子.....,最新更新 第三百四十九章：控尸,2018-12-23 14:15,0.0
121,//bookcover.yuewen.com/qdbimg/349573/3347952/150,俗人回档,庚不让,都市,33岁的报社审读编辑边学道一梦回到高考前48天的高中课堂里，本来想囤房子一心当寓公的中年大叔依靠长年读报纸的信息积累，取得耀眼的成就。事业成功后，边学道成立助学基金，支持年轻人创业,最新更新 完本感言,2018-12-13 23:06,0.0
122,//bookcover.yuewen.com/qdbimg/349573/1012174538/150,兔子必须死,一梦黄粱,仙侠,自从一只贱兔子来了天庭后，天庭各大神仙居住地就拉起了横幅：防火防盗防兔子。同时，食神的兔子烹饪大全也开始热卖。经常能看到一群神仙挥舞着各种法宝，追着一只兔子漫山跑，喊着：“群殴无所,最新更新 第82章 息龙珠,2018-12-22 17:27,0.0
123,//bookcover.yuewen.com/qdbimg/349573/1009601645/150,白银霸主,醉虎,玄幻,世界上最珍贵的东西都是免费的，常人却总视而不见，除了空气，阳光，亲情这些最珍贵的东西之外，还有一种最珍贵的东西，就在你的身边，唾手可得，不知道你是否看见？本书读者群：1677264,最新更新 第九百零六章 银行,2018-12-22 22:44,0.0
124,//bookcover.yuewen.com/qdbimg/349573/1011285253/150,来自地狱的男人,秋风123,都市,星空魔帝，重生归来！我是魔，以神为奴，以仙为仆！！！,最新更新 第1100章 卑劣的豪门！,2018-12-22 20:43,0.0
125,//bookcover.yuewen.com/qdbimg/349573/1011578759/150,曙光纪元,人勿玩人,玄幻,灵气复苏，武道兴起，地球出现一个个连通异度空间的通道。无数超凡生命进入地球，神灵入侵、法则降临、怪异再现，人类开启进化纪元少年认主知识之书，推演功法，优化秘籍，第三视角，属性异能，,最新更新 第四三零章：邪神,2018-12-23 04:23,0.0
126,//bookcover.yuewen.com/qdbimg/349573/1010276884/150,狼牙兵王,蝼蚁望天,军事,在中国，有这么一支部队。他们没有番号，没有档案，他们的一切都是空白的。他们被国家称之为最强兵器，被敌人称之为黑色闪电！而想要启动这最强兵器，则需要五位领导人的共同许可才可以。他们，,最新更新 第1356章 绝杀之战,2018-12-21 23:44,0.0
127,//bookcover.yuewen.com/qdbimg/349573/1011816096/150,全职武神,流浪的蛤蟆,仙侠,这是一个有侠气的故事…………………………,最新更新 三七一、第一小弟,2018-12-23 00:08,0.0
128,//bookcover.yuewen.com/qdbimg/349573/1011125942/150,落地一把98K,Iced子夜,游戏,【2018最爽吃鸡文】刘子浪，人称浪子刘。当然你们也可以叫他钢琴手，帝国鹰眼，爆破鬼才，战神Vic，绝地狙神。一个在“诸神之战”FPS世界大赛上陨落的国产天才少年，原本不愿再碰FP,最新更新 第九百六十三章 驱虎吞狼！,2018-12-23 13:58,0.0
129,//bookcover.yuewen.com/qdbimg/349573/1012908315/150,捡到一个星球,明渐,科幻,神秘的传送门后，连通着一个文明毁灭后的世界，陈今来到了这个陌生的地方于是——捡到金属残片一块捡到垃圾机器人一台捡到战场一个捡到城市一座捡到黄金一吨多捡到高科技资料一份捡到……捡到…,最新更新 第311章 扭转环境的标准,2018-12-23 12:06,0.0
130,//bookcover.yuewen.com/qdbimg/349573/1011408726/150,大龙挂了,白雨涵,奇幻,有能拉出金属的龙，有种田养花的精灵，还有一心想要骑龙的乡下男爵。奇幻种田，领主养成！白雨涵2018呕心沥血之作，敬请观看！,最新更新 第0996章 贵霜帝国,2018-12-22 15:32,0.0
131,//bookcover.yuewen.com/qdbimg/349573/3660695/150,神藏,打眼,都市,一念之间，沧海桑田打眼带你进入古玩的世界！！！,最新更新 第一千三百六十四章 阵法改造,2018-12-23 10:00,0.0
132,//bookcover.yuewen.com/qdbimg/349573/1012658128/150,神魔之上,被罚站的豆豆,玄幻,千年饮寒冰，难凉我热血！圣庭的荣耀和神光终将燃烧黑暗时代。,最新更新 第738章 主动或被动,2018-12-23 11:02,0.0
133,//bookcover.yuewen.com/qdbimg/349573/1012494738/150,超级锋暴,陈爱庭,体育,2003年夏季，巴西新星卡卡低调地踏进米兰城；葡萄牙小将克里斯蒂亚诺·罗纳尔多背着争议飞到曼彻斯特；默默无闻的梅西在拉玛西亚抬头仰视着刚加盟的超级巨星罗纳尔迪尼奥……在荷兰一家默默,最新更新 582 选了谁？,2018-12-23 08:00,0.0
134,//bookcover.yuewen.com/qdbimg/349573/1010169943/150,我要做门阀,要离刺荆轲,历史,西汉中期，民生聊困，国势日衰。无数士大夫名士，纷纷高呼：张生不出，奈天下何！？于是，谚曰：张与刘，共天下。本书扣扣群：73927047,最新更新 第九百七十四节 狼居胥之封（3）,2018-12-22 22:43,0.0
135,//bookcover.yuewen.com/qdbimg/349573/1010771227/150,篮坛大流氓,超级麦克风,体育,“艾斯？我是个制霸了篮球的流氓？不，他才是流氓，我答应指教他三天训练，结果他把我所有技术都偷走了还要抢走我所有第一……”这是乔丹。“不是说未来是我的么？啥时候来啊！”这是一脸茫然的,最新更新 电脑拿去修了，写好了的，今天少了五千字明天补上,2018-12-23 00:15,0.0
136,//bookcover.yuewen.com/qdbimg/349573/1011120554/150,兵王无双,尘风,军事,华夏有一神兵，当所有国家的情报和特工都以为那是超高科技的产物时，其实那只是一个男人而已！我为神兵，绝世无双！,最新更新 839：只要带枪进黑市的，都得死,2018-12-22 17:18,0.0
137,//bookcover.yuewen.com/qdbimg/349573/1010768815/150,洪荒之妖皇逆天,清风扶醉月,仙侠,每个人心中都有一个洪荒故事！我的洪荒没有遗憾！无尽世界，仙凡冥灵，一曲守护与大爱的壮阔历程。洪荒种田文，无敌调教文。套路中创新，同样的人物，不一样的旅程！【书友交流群，随意可进：4,最新更新 第1027章：大道之河遇盘古？,2018-12-22 22:15,0.0
138,//bookcover.yuewen.com/qdbimg/349573/1011790474/150,变身在漫威世界,想静静的顿河,二次元,正所谓三分天注定，七分靠打拼，剩下九十分都是父母给的。穿越成了漫威世界的震波女黛西.约翰逊，暗自庆幸自己就是那九十分里的一员，是靠震动异能做一条咸鱼等待英雄们来救援，还是奋起直追，,最新更新 第七百四十三章 援军,2018-12-23 08:15,0.0
139,//bookcover.yuewen.com/qdbimg/349573/1012053619/150,明日传奇,兔来割草,体育,普通的人，巨星的梦，今日轮回，明日传奇！群号：13774889（老）239381647（新）,最新更新 第五百四十六章【51+10，生涯最独的表演！】,2018-12-23 11:00,0.0
140,//bookcover.yuewen.com/qdbimg/349573/1010828991/150,无敌真寂寞,新丰,玄幻,林凡来到异界，成为了一名光荣的普通弟子，原本身处在随时都能被人打成翔的处境中，可突然间，情况不对了。系统开启。叮：抽中永恒级BUFF：不死之身。这一刻，整个世界都不一样了。林凡：“,最新更新 第1161章 这可是关乎到整个界域啊,2018-12-22 20:56,0.0
141,//bookcover.yuewen.com/qdbimg/349573/1012707040/150,没有谁，我惹不起,我的头超级铁,都市,“什么？你从修仙界回来，会修炼？能炼丹？能炼气？在武者中是宗师？在修炼者中是天人？我惹不起你？”林南嘴角上扬，露出一丝不屑，大手一拍。东南省第一人，江南武道宗师，卒！“哦，你从地狱,最新更新 第三百一十章 东南亚的女枭雄！（第二更）,2018-12-23 13:46,0.0
142,//bookcover.yuewen.com/qdbimg/349573/1013315278/150,绝代名师,相思洗红豆,玄幻,市二中的金牌老师孙默落水后，来到了中州唐国，成了一个刚毕业的实习老师，竟然有了一个白富美的未婚妻，未婚妻竟然还是一所名校的校长，不过这名校衰败了，即将摘牌除名，进行废校处理……孙默,最新更新 第174章 从今天起，你被开除了！（为盟主加更）,2018-12-23 11:37,0.0
143,//bookcover.yuewen.com/qdbimg/349573/1007103215/150,抗战之还我河山,汉唐风月1,军事,一寸山河一寸血，面对国破家亡，穿越回1932淞沪战场上的共和国利刃率领着一队残兵用牺牲绽放出璀璨的光芒，不为荣华富贵，不为青史留名，他只是用鲜血和牺牲告诉侵略者，当东方巨龙睁开双眸,最新更新 第1328章 见老长官（下）,2018-12-23 13:50,0.0
144,//bookcover.yuewen.com/qdbimg/349573/1012584111/150,恐怖复苏,佛前献花,仙侠,五浊恶世，地狱已空，厉鬼复苏，人间如狱。这个世界鬼出现了......那么神又在哪里？求神救世，可世上已无神，只有鬼。——————群：623363217欢迎加入,最新更新 第两百七十四章接收,2018-12-23 02:22,0.0
145,//bookcover.yuewen.com/qdbimg/349573/3594762/150,绝世药神,风一色,玄幻,一代丹帝被奸人陷害从此，世上少了一个青云子，多了一个无敌纨绔重走丹药大道何以逆苍天，以我手中药！vip书友群478668611，进群需验证粉丝值，舵主以上可入,最新更新 第两千七百四十三章 丹盟的真正实力！,2018-12-22 22:29,0.0
146,//bookcover.yuewen.com/qdbimg/349573/1004935366/150,美利坚财富人生,羞涩的小恶魔,都市,从2015年的华夏手游程序员宋大伟穿越附体2006年溺亡的美国少年作家安迪史密斯，既然重生了那么就好好的享受生活吧。财富人生——608930126vip群————589506577,最新更新 第一千六百九十一章 想怂？逼你们就范！,2018-12-22 21:24,0.0
147,//bookcover.yuewen.com/qdbimg/349573/1003121988/150,不灭龙帝,妖夜,玄幻,身怀绝世血脉，少年自北漠拉棺而来，他要将世上神魔全部埋葬。,最新更新 第3036章 好手段,2018-12-23 05:02,0.0
148,//bookcover.yuewen.com/qdbimg/349573/1012811178/150,仙武之无限小兵,秋霜落,仙侠,在凡间，他生逢乱世，以三头毛驴起家，依靠无限小兵系统，打造出最强铁骑，横扫四方。在仙界，他收小妖，降魔兵，打造了出了举世无双的上古妖骑，成为了无双霸主。他不是别人，正是你们谁都不认,最新更新 第三百七十章 势力小成!,2018-12-22 22:40,0.0
149,//bookcover.yuewen.com/qdbimg/349573/1012030154/150,万妖帝主,任我笑,仙侠,地球突变，整座城人间蒸发！苏逸与全城人诡异的来到异世界，这里妖魔横行，王朝争霸，没有现代文明的和平，只有弱肉强食！好在他的手机也跟着产生异变……神、魔、妖、佛、仙等，全都被他拉入手,最新更新 第七百二十章 苏逸的长辈【第五更】,2018-12-22 22:56,0.0
150,//bookcover.yuewen.com/qdbimg/349573/1009720842/150,宠物小精灵之庭树,轻泉流响,二次元,【阅读须知】1：本书是神奇宝贝、精灵宝可梦、口袋妖怪的同人小说。2：本书是无系统、无女主的精灵养成向小说，节奏较慢，需耐心阅读。3：小智得了冠军。,最新更新 第1095章 天才研究者？,2018-12-22 23:41,0.0
151,//bookcover.yuewen.com/qdbimg/349573/1011980439/150,这世界的土著好凶猛,真费事,都市,玄奇的生灵，恐怖的怪异，以及瑰丽多彩的世界变化~异世界的入侵冲击中是谁独领风骚？古老的骗子组织告诉你救世的正确打开方式。扯一个弥天大谎，让世界随之起舞～这才是忽悠之道的至高境界！书,最新更新 第473章 都是吃货惹的祸,2018-12-23 02:09,0.0
152,//bookcover.yuewen.com/qdbimg/349573/1004185492/150,带着仓库到大明,迪巴拉爵士,历史,方醒穿了，带着两个仓库穿了！别人穿越是带着王霸之气，方醒却是只想种田！“我只想在这个时代悠闲的活着！”坐拥大别墅，顺便教几个弟子，努力让他们往上爬，好给自己当靠山！可谁想弟子有些不,最新更新 新书：北宋大丈夫，已经发布。,2018-11-13 10:43,0.0
153,//bookcover.yuewen.com/qdbimg/349573/3689932/150,我的绝色美女房客,炒酸奶,都市,这小小的四合院，住着一群租房客，而陈阳则是房东。好吧，既然如此，保护房客这个光荣而艰巨的任务，只能落在我的头上了。——陈阳书友QQ群：188631860,最新更新 第5196章 春宫漫画,2018-12-23 00:03,0.0
154,//bookcover.yuewen.com/qdbimg/349573/1010875768/150,天行战记,七十二编,玄幻,天道之行，力争上游。夏北站在英雄殿雕塑前，看着基座上的一行字。“我们的征途，永不止步！”,最新更新 第二百四十一章 真蠢！,2018-12-14 03:53,0.0
155,//bookcover.yuewen.com/qdbimg/349573/1011159802/150,光头武僧在都市,易伤秋者,游戏,某论坛主题——“如果你能拥有一个dnd职业的能力，你愿意选择什么”易秋回复道：“当然是武僧啊！身体棒，跑得快。自带毒和疾病免疫，赤手就能怼流氓，在种花家这种武器管制而且食物自带化学,最新更新 第六百四十章 凡物的挣扎（两更！）,2018-12-22 23:14,0.0
156,//bookcover.yuewen.com/qdbimg/349573/1002959239/150,超级怪兽工厂,匣中藏剑,都市,我叫叶青，幸运获得了一款叫【怪兽工厂】的应用。这帮力大无穷的怪兽，干起活来一个能顶一百个，还带各种技能。效率？加工速度+300%技能一开，你跟我比效率？精度？咳咳～把我那把传奇品质,最新更新 1226：后续行动,2018-12-22 01:22,0.0
157,//bookcover.yuewen.com/qdbimg/349573/1011610094/150,刷钱人生,沈自华,都市,沈浪重生回大一的时候，意外发现自己重生前下的游戏也跟着重生了！一款可以通过挂机获得金钱的游戏彻底改变了沈浪的屌丝人生！LV1级别可以获得每分钟挂机获得十元的福利，节假日还可以获得刷,最新更新 第四百零五章 八亿英镑拿下利物浦！（为长老Pianover加更！）,2018-12-23 00:02,0.0
158,//bookcover.yuewen.com/qdbimg/349573/1010908372/150,超品巫师,九灯和善,都市,十几年前，一个叫《爸爸在这儿》的节目几位父亲带着萌萌哒的小女孩走进了一个偏僻的小山村而一位山村小道士混入了其中。 十几年后，一个在道观长大却得到巫师传承的青年带着一条老黄狗下山入城,最新更新 第783章 我还是个孩子啊,2018-12-22 17:09,0.0
159,//bookcover.yuewen.com/qdbimg/349573/2226569/150,大道争锋,误道者,仙侠,不堕轮回入大千，心传一道在人间。愿起一剑杀万劫，无情换作有情天!…………大道争锋全订阅VIP群：【235032815】（新群）粉丝自建订阅群：布须玄天·昆始陆（526275426）,最新更新 第二百九十六章 起自微身亦奋争,2018-12-22 22:27,0.0
160,//bookcover.yuewen.com/qdbimg/349573/1003529357/150,燃钢之魂,阴天神隐,游戏,这是前传奇战士携带系统穿越游戏异界，吊打各路野怪，单手怼Boss，平A救世界的故事。“先砍死敌人，再去思考为什么会打起来。”====订阅书群：606962637=====源于火,生,最新更新 第二章 重归 下,2018-12-22 15:40,0.0
161,//bookcover.yuewen.com/qdbimg/349573/1013360286/150,我成了一条锦鲤,丹尼尔秦,都市,（娱乐明星）季铭成了一条锦鲤。在自己身上，实现了别人所有的愿望！你想抖音涨粉百万？我有了！你想出演国字号A咖巨制？我演了！你要跟我争夺角色？我本来只想当你的表演老师，现在也只好勉为,最新更新 第0177章 个人时间不接客（月光盟加更1、2）,2018-12-23 05:19,0.0
162,//bookcover.yuewen.com/qdbimg/349573/1011054696/150,黄金渔村,全金属弹壳,都市,在大城市打工多年的敖沐阳回到养育他的家乡小渔村，归途中遇袭落海，揭开了一段草鱼跳龙门的传奇…… 深洋千珍、浅海万鱼，神奇的海洋，绚丽的生命； 渔家捕捞、山涧耕种，悠然的田园，简,最新更新 1518.潜下去（3）,2018-12-23 11:22,0.0
163,//bookcover.yuewen.com/qdbimg/349573/1009996289/150,反叛的大魔王,赵青杉,都市,文艺版：不朽已提前进场，带着宁静的馥郁与芬芳。除了破裂黑暗的聚光灯、不可恕的原罪、荆棘王冠。我出场的时候还需要令群星颤抖的BGM、让白夜褪尽的微风以及鲜血凝结的威严之花。通俗版：绝,最新更新 第二十四章 露の世は露の世ながらさりながら（1）,2018-12-22 23:58,0.0
164,//bookcover.yuewen.com/qdbimg/349573/1011337604/150,谋断九州,冰临神下,历史,相士曾发出预言：此子闭嘴则为治世之良贤，张嘴必为乱世之枭雄。十八岁的公子张开嘴，果然看到天下大乱，看到群雄逐鹿，看到民不聊生。他以为，谋能生乱，亦能止乱，他要找出一位真龙天子，结束,最新更新 第二百三十二章 优劣,2018-12-23 09:05,0.0
165,//bookcover.yuewen.com/qdbimg/349573/1003695667/150,永恒圣王,雪满弓刀,仙侠,灵根残缺的少年，得神秘女子传授一部无上妖典，踏上修行之路。自此，一代妖孽崛起于天荒，令仙魔颤抖，诸圣俯首。一朝尘尽光生，照破山河万朵！,最新更新 第一千六百九十八章 诸佛龙象,2018-12-22 23:57,0.0
166,//bookcover.yuewen.com/qdbimg/349573/1010807557/150,悠闲乡村直播间,名窑,都市,乡村小直播，大看台。群号:228998742直播奖励多，上山打猎配良弓，下水捉鱼好网兜。山间野趣欢乐多，卖萌宠物不能少。开山路，下地河，采摘野果，直播乐事多。玩玩乐，赚赚钱，逗逗狗,最新更新 第946章 狂拉几千斤野生鱼虾,2018-12-22 21:51,0.0
167,//bookcover.yuewen.com/qdbimg/349573/1003414055/150,万道剑尊,打死都要钱,玄幻,【热血爽文，一日十更！】远古大战，神域崩塌，众强陨落。大战之后，天地受限，世间再无神魔，只留下一座座神秘的远古战场。故事发生在一片由远古战场孕育而生的青火界内。少年得大天造化诀，在,最新更新 第三千六百八十章 记名弟子,2018-12-22 20:44,0.0
168,//bookcover.yuewen.com/qdbimg/349573/1011034776/150,克斯玛帝国,三脚架,奇幻,复兴的帝国，纠缠的两党，资本力量不受控制高速膨胀。商海沉浮，政治倾轧，帮派仇杀，无数幕后交易和情仇。杜林·克斯玛先生站在议会山上，透过扩音器使他的话让半个帝都都能听见。他说——有我,最新更新 关于xxxxxxxxx的问题,2018-12-23 10:23,0.0
169,//bookcover.yuewen.com/qdbimg/349573/1011121042/150,主神猎手,流浪月光,玄幻,在武侠世界中，化身肌肉猛汉，以力镇压江湖、横扫千军，成为一代草莽至尊；在巫师世界中，和死灵为伍、与天灾为伴，就连最勇猛的战士，都不敢念出他的邪恶名字；在仙侠世界中，独立山巅，静观沧,最新更新 第五百三十四章 生死有命,2018-12-23 05:00,0.0
170,//bookcover.yuewen.com/qdbimg/349573/1011092046/150,剑徒之路,惰堕,仙侠,谁说没有丹药就不能精进？谁说不会炼器就没有神兵？谁说挫于制符就没有战斗力？所谓一剑破万法，在于信心。。。当危险来临，你唯一的依靠只有剑，而不是其他。。。,最新更新 第685章 破解,2018-12-23 08:05,0.0
171,//bookcover.yuewen.com/qdbimg/349573/1009346679/150,都市夜战魔法少男,愿心不变,二次元,夜战、隐藏在人们沉睡的夜晚的系统争端。“恭喜您，获得SSS级能力。”系统的声音异常美妙只是方然...猛地把手里的魔导书往地上狠狠一摔！破口大骂！“我去你妹的库洛牌！老子tmd才不是,最新更新 四百六十七章 和美女校花同居的日子,2018-12-22 14:20,0.0
172,//bookcover.yuewen.com/qdbimg/349573/3681560/150,斗罗大陆III龙王传说,唐家三少,玄幻,伴随着魂导科技的进步，斗罗大陆上的人类征服了海洋，又发现了两片大陆。魂兽也随着人类魂师的猎杀无度走向灭亡，沉睡无数年的魂兽之王在星斗大森林最后的净土苏醒，它要带领仅存的族人，向人类,最新更新 第一千九百八十一章 永冻冰封！（大结局附后记）,2018-08-24 07:00,0.0
173,//bookcover.yuewen.com/qdbimg/349573/1012687191/150,我的成就有点多,虫2,都市,为了奖励孟凡重生前的义举，宇宙意志奖励了一个系统，并将他送到了三个月前。触发任务，完成后获得成就称号，称号有属性。故事从任务要求孟凡表白被拒绝100次开始.......群：1819,最新更新 第361章 古董绑架案,2018-12-22 23:10,0.0
174,//bookcover.yuewen.com/qdbimg/349573/1011086204/150,绝天武帝,苍天霸主,玄幻,弹指天地覆，拔剑神魔伏！绝代神王千年后醒来，发一言天下皆惊，镇服盖世天骄；行一步风云色变，踏灭举世恶敌！以无敌之姿扫灭天下！猛力更新中，求收藏和推荐票！,最新更新 第一千一百零七章 夜家傲骨,2018-12-22 22:46,0.0
175,//bookcover.yuewen.com/qdbimg/349573/3681640/150,重生完美时代,公子不歌,都市,老牌程序员出身的李牧，被命运一脚踹回了2001年高考的当口，他欣喜的拍拍屁股，起身便踏上了一条注定牛X的道路。重活一回，李牧有他自己的追求，赚钱只是牛X的初级阶段，至于登上时代周刊,最新更新 第一千六百四十四章 猪一样的配合,2018-12-22 02:21,0.0
176,//bookcover.yuewen.com/qdbimg/349573/1011139133/150,伊塔之柱,绯炎,游戏,欢迎来到艾塔黎亚，浮云之上的国度。让我们推开门扉，拿起手杖，冒险，将从这里开始——穿过云与海的丘陵，如浮浪的草茵，浅河闪亮；流淌金与蜜的原野，满载欢笑，罗戴尔的矮屋之下，轻歌悠扬。,最新更新 第一百零一章 时间的刻度,2018-12-22 21:57,0.0
177,//bookcover.yuewen.com/qdbimg/349573/1011831893/150,世界第一第二第三都是我,大头文,体育,重生回到2004年，董芳卓不是要证明他比别人了不起，而是要证明他失去的东西一定要亲手拿回来!（前几章节奏飞快，前期铺垫，大家有点耐心看哈，要搞劳工证！）,最新更新 第九四六章 大嘴卡波内罗，皇马薪资闹矛盾,2018-12-22 22:42,0.0
178,//bookcover.yuewen.com/qdbimg/349573/1004890081/150,神级大魔头,拉姆,玄幻,“无耻夏平，抢我秘籍，夺我丹药，夺我未婚妻，我和你不共戴天。”“他是武道之耻，人类蛀虫，是人渣败类。”“无恶不作，连三岁小儿的棒棒糖也抢，老人过马路都不扶。”“四处惹是生非，各大家,最新更新 第2218章 神器镇妖塔,2018-12-23 08:38,0.0
179,//bookcover.yuewen.com/qdbimg/349573/1011711866/150,斩龙,通吃道人.QD,科幻,你们要相信我，我真是来打努尔哈赤的——跟他老婆那事完全是个意外。验证群：669034285。,最新更新 第0574章 是终结，也是开始！,2018-12-11 11:54,0.0
180,//bookcover.yuewen.com/qdbimg/349573/1004976324/150,顾道长生,睡觉会变白,都市,本以为是写实的都市生活，结果一言不合就改设定！灵气复苏，道法重现，这大概是一个现代文明转变成修真文明的故事。…………本书仍然很墨迹书友群：666-464-52。V群：465-455,最新更新 第八百二十三章 三界归真,2018-12-22 18:34,0.0
181,//bookcover.yuewen.com/qdbimg/349573/1012680288/150,新白蛇问仙,舒楠泽,仙侠,回首一瞬，浮云霎那间。死亡是结束也是新的开始，花开花落周而复始轮回不断，芸芸众生能做的只有放下执念顺其自然。人生失意绝症身死，带着记忆转世重生为白蛇，岁月流逝，属于人类的那部分记忆,最新更新 第四百三十七章 山洞,2018-12-22 22:24,0.0
182,//bookcover.yuewen.com/qdbimg/349573/118447/150,星辰变,我吃西红柿,仙侠,一名孩童，天生无法修炼内功。为了得到父亲的重视关注，他毅然选择了修炼痛苦艰难的外功。春去秋来，时光如梭，这个孩童长大了……变成了一名青年，真正改变他的命运，是一颗流星化作的神秘晶石,最新更新 番茄新书《飞剑问道》第一章已经上传！,2017-09-21 10:23,0.0
183,//bookcover.yuewen.com/qdbimg/349573/1012347298/150,秘巫之主,真愚老人,奇幻,当持续百年的灵障被神秘的流星撞碎，消失的灵气开始复苏，神秘侧渐渐恢复，魔法、巫术、诅咒、超凡生物、诡秘的传说、异域的魔神……旧秩序轰隆倒塌，新生的秩序却混乱而迷茫。在这一场前所未有,最新更新 抱歉，亲人出事，大家别等了。,2018-12-22 23:17,0.0
184,//bookcover.yuewen.com/qdbimg/349573/1011814449/150,蹭出个综艺男神,胖子爱吃炖豆角,都市,网红想红蹭明星，明星想红蹭流量。在这个蹭来蹭去的年代，想红靠蹭不是错，要看看自己有没有实力。不然容易蹭破皮。韩勠前世写书蹭人气花旦热度失败，出车祸死去穿越到架空世界重生为一名被雪藏,最新更新 第四百零九章 想多了,2018-12-23 10:49,0.0
185,//bookcover.yuewen.com/qdbimg/349573/1013311067/150,最佳娱乐时代,白色十三号,都市,这是最坏的时代，六大公司垄断好莱坞；这是最好的时代，互联网不断冲击传统模式。罗南要爬上这个娱乐时代的巅峰，俯瞰脚下无数森林。,最新更新 第183章 地狱模式（求月票）,2018-12-23 08:55,0.0
186,//bookcover.yuewen.com/qdbimg/349573/3258971/150,帝霸,厌笔萧生,玄幻,千万年前，李七夜栽下一株翠竹。八百万年前，李七夜养了一条鲤鱼。五百万年前，李七夜收养一个小女孩。今天，李七夜一觉醒来，翠竹修练成神灵，鲤鱼化作金龙，小女孩成为九界女帝。这是一个养成,最新更新 第3501章心有魔，天地有魔，我为魔，天地无魔,2018-12-23 10:25,0.0
187,//bookcover.yuewen.com/qdbimg/349573/1011934301/150,海贼盖伦,河流之汪,二次元,【这是海贼同人】我，盖伦，有系统。此外，书名其实是《海贼王世界里的正义骑士、能抗能打大宝剑、德玛西亚之力盖伦》的缩写。,最新更新 第461章 通匪的证据,2018-12-22 21:32,0.0
188,//bookcover.yuewen.com/qdbimg/349573/1004150862/150,超维术士,牧狐,玄幻,巫师的地位，在各大陆与泛位面中，超然无上。神秘、智慧、残忍、血腥，俨然是巫师的代名词。但真实的巫师又是什么样的？安格尔在接触巫师世界后，得出一个结论：巫师，是一种用唯心思想明照自我,最新更新 第1515节 晋升赛,2018-12-22 23:49,0.0
189,//bookcover.yuewen.com/qdbimg/349573/1013070398/150,灵气逼人,卧牛真人,科幻,浩瀚星辰，万族争锋，灵潮来袭，血战重启。灵山市和平街道花园社区幸福新村的治安形势格外严峻。当街道大妈都不跳广场舞，改练魔法和斗气，楚歌的传说，才刚刚开始。,最新更新 第二百六十八章 低调的强悍,2018-12-23 13:30,0.0
190,//bookcover.yuewen.com/qdbimg/349573/1003665778/150,三界红包群,小教主,都市,天地人三界，仙妖鬼三族！红包刷频，一触即发！阎王大神迷辣条！通天教主送神器！如意猴毛拔秃噜！哮天狗粮最炫酷！洪荒绝密，无量量劫，证道成圣…一切都从《三界红包群》开始！,最新更新 第3182章 盾山老祖,2018-12-22 18:00,0.0
191,//bookcover.yuewen.com/qdbimg/349573/2413595/150,唐砖,孑与2,历史,梦回长安，鲜血浸染了玄武门，太极宫的深处只有数不尽的悲哀，民为水，君为舟，的朗朗之音犹在长安大地回绕，异族的铁蹄却再一次踏破了玉门关，此恨何及？坟墓里的李世民眼见子民涂炭，该发出怎,最新更新 新书预告，《银狐》登陆,2015-11-20 10:50,0.0
192,//bookcover.yuewen.com/qdbimg/349573/1013056851/150,妖孽男神在花都,财萌萌,都市,“刷脸吃饭。”“你的才华气质正在增长……”“你已解锁国民男神称号，终极目标……万界男神！”穆尘激活了一个共享男神系统，成为了一名面向美女的极品男神。美女无论提出任何条件，在期间，他,最新更新 第二百八十四章 贝家危机 【第三更】,2018-12-23 00:13,0.0
193,//bookcover.yuewen.com/qdbimg/349573/1887208/150,全职高手,蝴蝶蓝,游戏,网游荣耀中被誉为教科书级别的顶尖高手，因为种种原因遭到俱乐部的驱逐，离开职业圈的他寄身于一家网吧成了一个小小的网管，但是，拥有十年游戏经验的他，在荣耀新开的第十区重新投入了游戏，带,最新更新 最后一次上传，完本感言。,2014-04-30 01:05,0.0
194,//bookcover.yuewen.com/qdbimg/349573/1011924365/150,蓝白社,魔性沧月,都市,墨穷从未想过他会突然拥有超自然能力，直到他朝着太阳射了一箭。绝对的命中意味着他可以是绿茵场上的神，篮球界的上帝，游戏里的大罗金仙……他以此可以轻易地成为人生赢家，华丽地度过一生，财,最新更新 第四百二十八章 骇人听闻的射术,2018-12-22 21:53,0.0
195,//bookcover.yuewen.com/qdbimg/349573/1010709923/150,动力之王,千年静守,都市,被大宇宙的意志给踢回了1978年的陈耕，故事再次开始。,最新更新 第585章 不给机会（祝兄弟姐妹们冬至快乐）,2018-12-22 23:59,0.0
196,//bookcover.yuewen.com/qdbimg/349573/1013298022/150,系统创始人,良心,仙侠,系统是我的奴仆，宿主是我的傀儡，诸天是我的后花园，万灵是我的实验对象。我是系统之主——诸天万界所有系统的创始人。请注意，前方高能！PS：书友群465209201,最新更新 第25章 峥嵘【1250月票加更】,2018-12-23 14:12,0.0
197,//bookcover.yuewen.com/qdbimg/349573/1010988690/150,与萌娃的文艺生活,剑沉黄海,都市,大家好！我有个妹妹，今年5岁半。她是这个世界写给我的最美情书，我想把我们之间那些温暖的小事分享给你们，希望也温暖你们。唐霜穿越了，来到一个温暖之家，有一个温柔善良的老妈，一个望子成,最新更新 1015、承诺爱你100年,2018-12-23 10:36,0.0
198,//bookcover.yuewen.com/qdbimg/349573/1003247636/150,马前卒,枪手1号,历史,不停地战斗，不停的杀敌，秦风是国家的悍将，军队的马前卒，永远冲锋在第一线，用赫赫战功书写着自己光荣的履历，但大变陡至，昔日的功臣，转眼之间却成了国家的罪人，人人得而诛之的叛徒，兄弟,最新更新 2006:并不是没办法,2018-12-23 08:10,0.0
199,//bookcover.yuewen.com/qdbimg/349573/1003740740/150,太古龙象诀,旺仔老馒头,玄幻,太古时代，强者如云，有妖族巨擘，仰天长啸吼碎域外星辰，有人族无上大能，挥手斩碎万古苍穹。更有太古龙象，掌管亿万星域，统治诸天万界。而曾经最为强大的太古禁忌神术太古龙象诀却自太古时代,最新更新 79 心情复杂的离去,2018-12-23 12:41,0.0
200,//bookcover.yuewen.com/qdbimg/349573/1012998909/150,魔鬼主教,远古莱德,体育,重回94，开局大本华莱士和答案艾弗森，李察德的故事从这里开始。乔丹：“我宁愿再面对一百次坏孩子军团，也不想碰到李察德那帮子混蛋！不，他们不是混蛋，他们是魔鬼！”奥尼尔：“不要在我面,最新更新 第412章 今非昔比的马刺,2018-12-23 00:07,0.0
201,//bookcover.yuewen.com/qdbimg/349573/1012015699/150,房产大玩家,貔蚯,都市,郁郁不得志的房产新人陈晋得到了一款逆天APP！“叮”发现新客户，需求：……“叮”发现匹配房源……从此游戏房产业，迎来人生巅峰？“叮”积分不足，请尽快赚取积分！陈晋：“WTF？”“叮,最新更新 716.赌什么都好，别赌人心！（万字，求订阅）,2018-12-23 04:12,0.0
202,//bookcover.yuewen.com/qdbimg/349573/1012170902/150,天帝传,飞天鱼,玄幻,十方无影像，六道绝形踪。跳出三界外，不在五行中。红尘中，有美人如画，诗酒才俊，大江横流千帆过，而他只为武道，冷眼旁观。无边黑夜，有邪魔嗜血，妖妃妩媚，万人尸坑千人冢，而他只做该做之,最新更新 第二百六十四章 紫树密林中的阵法,2018-12-22 23:57,0.0
203,//bookcover.yuewen.com/qdbimg/349573/1013303296/150,你们二次元真会玩,大笨淡,二次元,“朋友，你听说过二次元聊天室吗？”“滚！”汤昊：“@全体成员，今天又开始召幕新群员，结果被人打了，来几个帮手。”晓美焰：“我来。”御坂美琴：“我去。”坂田银时：“我也来。”斯卡哈：,最新更新 170 邀请一位使徒,2018-12-22 23:03,0.0
204,//bookcover.yuewen.com/qdbimg/349573/1011321110/150,从姑获鸟开始,活儿该,科幻,身如鸿毛，命如野草。见过最黑的夜，所以心中炽烈明亮的火焰，从不动摇。企鹅书友群724804514,最新更新 第六十三章 尾奏：药师佛之死（二）,2018-12-22 22:39,0.0
205,//bookcover.yuewen.com/qdbimg/349573/1006488029/150,妖龙古帝,遥望南山,玄幻,妖龙古帝苏寒，曾经执掌圣域，镇压一世，为银河星系之巅！却因融合各大修为层次，走火入魔，形神俱灭。手下叛变，挚爱沉睡，好友被追杀！重活一世，定当卷土重来，逆转乾坤，杀尽一切叛变之人！,最新更新 第2214章 现在，你能好好说话了？,2018-12-23 00:10,0.0
206,//bookcover.yuewen.com/qdbimg/349573/1012249417/150,时空之头号玩家,风上忍,科幻,不知何时起，世界上多出了一种连通着各个异位面的神秘区域——幻境。丧尸围城，学园默示，刀剑SAO……在这里你可以得到着数之不尽的财富、风情各异的美人，还有那足以毁天灭地的强大力量。无,最新更新 第344章 挖富二代小正太的墙角,2018-12-21 23:55,0.0
207,//bookcover.yuewen.com/qdbimg/349573/1010092001/150,女帝家的小白脸,袖里箭,都市,这是一个单人徒手拆城墙的世界，女帝养着一只麒麟，大夏皇宫的池子里有龙存在，还有只闻其名的剑山，不时有灵剑下山寻主。任八千紧抱女帝大腿，大步走上人生巅峰。每个成功的男人背后都有那么一,最新更新 第九百五十章 未能成行,2018-12-22 10:52,0.0
208,//bookcover.yuewen.com/qdbimg/349573/1011833256/150,核爆中走出的强者,乘风御剑,玄幻,强者无惧、强者无畏、强者至强、强者无敌。科技的发展带来武者的末日？但……当李求仙自核爆中心安然无恙走出来时，世界震撼！……一个无修真、无魔法、无异能、无真气的世界，一个纯粹的武者世,最新更新 第六百三十一章 完善,2018-12-23 12:00,0.0
209,//bookcover.yuewen.com/qdbimg/349573/1005188495/150,刀镇星河,开荒,玄幻,三年之后，战死广林山的上官玄昊，以应试弟子张信的身份，再次踏入了日月玄宗的天柱山别院，开始了他刀戡日月，剑削星河之路！开荒官方粉丝群：340513328，刀镇星河书友群：29863,最新更新 第1205章 战前会议,2018-12-23 14:18,0.0
210,//bookcover.yuewen.com/qdbimg/349573/1013316033/150,无敌从满级属性开始,一尺南风,玄幻,穿越成修真大陆的一个废柴，那还修你妹的真？一道七彩霞光之后，杨真直接吊炸天了！他看过的功法，直接满品满级，学都学不完！他炼制的丹药，不但起死回生，还能青春永驻，多少圣女仙子苦苦相求,最新更新 第二百七十五章 两拳镇杀神游期！(二更),2018-12-23 12:33,0.0
211,//bookcover.yuewen.com/qdbimg/349573/3542109/150,茅山捉鬼人,青子,悬疑灵异,【最热门】茅山捉鬼人叶少阳勇闯都市，与人斗，与鬼斗，与魅妖美狐斗。湘西尸王，不死邪神，碟仙凶灵，四方鬼寇。诡异邪祟，茅山神术，一路全收！,最新更新 第3081 鬼附身3,2018-12-23 00:06,0.0
212,//bookcover.yuewen.com/qdbimg/349573/1010691333/150,宇宙级大反派,一二01,科幻,王皓穿越了，得到了系统。在别人想着如何名垂青史时，他却只能想着如何遗臭万年。为什么？因为系统名叫大反派系统，需要坑人、做坏事、遭人唾弃……才能使用？王皓一脸无辜：这能怪我吗？我本纯,最新更新 第一千一百九十一章命中注定的男人,2018-12-22 20:18,0.0
213,//bookcover.yuewen.com/qdbimg/349573/1013027141/150,我家老婆可能是圣女,雨下的好大,玄幻,江左有个貌美的老婆，可是她却经常出差。去干嘛？不是忙着给他带帽子，而是瞒着他降妖除魔去了。得知真相的江左连连叹息，看来自己也坐不住了。为了他美好的夫妻生活，江左只能暗中出手。降妖除,最新更新 第二百七十二章 吃狗肉不？,2018-12-23 06:06,0.0
214,//bookcover.yuewen.com/qdbimg/349573/1012217482/150,系统让我去算命,牧三河,都市,系统给他一双看透过去未来的天机眼，他却用来看美女；给他一根点石成金的天机棍，他却用来捅娄子。倒霉孩子巫俊，年方二九有一，系统要将他培养成窥破宇宙至理、指引天道循环的至尊天师，他却在,最新更新 第533章 出师未捷,2018-12-22 21:03,0.0
215,//bookcover.yuewen.com/qdbimg/349573/1013012815/150,一卡在手,霞飞双颊,玄幻,各位亲爱的对手，上辈子我用努力和天赋战胜了你们，我知道占尽先机的你们让我一路逆袭，心中肯定非常不爽，我保证这辈子再也不会了！这辈子我决定换一个姿势，全程躺赢你们！,最新更新 第212章：她这么小，真的没问题？,2018-12-23 00:00,0.0
216,//bookcover.yuewen.com/qdbimg/349573/1012749331/150,重回80当大佬,浙东匹夫,都市,二本扑街码农、重回高考初年，能上演何等惊人的火箭攀升速度？一个在88年广交会上用大哥大的大佬，是否比2018年开黄金柯尼塞格的土豪，更像一个“羡慕值黑洞”、吸干方圆十里的眼球？是的,最新更新 第264章 钱不是越多越好,2018-12-23 13:48,0.0
217,//bookcover.yuewen.com/qdbimg/349573/1010109879/150,荒野幸运神,罗秦,都市,一穿越，就遇到一场飞机劫难，幸运不死流落到一个荒岛。就在叶天为生存发愁的时候，幸运天神系统开启，幸运+99999！顿时叶天牛逼了，在常人无法生存的荒野，叶天却是要风得风，要雨得雨。,最新更新 作者想说的话,2018-12-23 12:23,0.0
218,//bookcover.yuewen.com/qdbimg/349573/1011483714/150,怪物聊天群,泛舟填词,游戏,宠物视角进游戏，游戏里的怪物在聊天！这是一群怪物的逗比聊天日常，这是一个铲屎官和主子争做主角的旷世恩怨情仇。掉落、攻略、隐藏任务，统统都能从这些聊天中获取信息。从此，游戏里的事无所,最新更新 第0225章 底线是什么东西,2018-12-23 13:14,0.0
219,//bookcover.yuewen.com/qdbimg/349573/1009882772/150,混在大唐的工科宅男,皮侠客,历史,一觉醒来，繁华尘烟落尽，现代的工科宅男竟然来到了贞观大唐！作为一个有武功、有技术、有理想、有文化的工科达人，哦，不，是工科宅男，李泽轩只想宅在家里，抱着媳妇儿，打牌睡觉看小说，过着,最新更新 第一千一百六十三章 简单的快乐！,2018-12-22 23:47,0.0
220,//bookcover.yuewen.com/qdbimg/349573/1011447634/150,都市剑说,华表,都市,异界回归的李大魔头，反封建迷信协会成员，兼职斩妖除魔，从心理到生理专治各种不服。作者是中央八局关注第四类人员，主角是第五类人员，侬晓得了伐！,最新更新 第493节-上市推广,2018-12-22 23:59,0.0
221,//bookcover.yuewen.com/qdbimg/349573/1013285596/150,战国大司马,贱宗首席弟子,历史,《周礼》：大司马之职，掌建邦国之九法，以佐王平邦国。领略战国最惊心动魄的时期，诸国混战、百家争鸣。,最新更新 第149章：七月上旬【二合一】,2018-12-22 23:35,0.0
222,//bookcover.yuewen.com/qdbimg/349573/1010510263/150,暗影熊提伯斯的位面之旅,暗影熊,科幻,这是一本挂着小熊提伯斯的熊头，卖着小安妮的肉的书！哦，不对，说错了！这其实是一本挂着提伯斯的熊头，卖着小安妮的多元世界旅行故事的书！没错了，就是酱紫的！已过复联、哈利波特、艾泽拉斯,最新更新 第0576章 完蛋了,2018-12-23 00:00,0.0
223,//bookcover.yuewen.com/qdbimg/349573/1012483888/150,都市之活了几十亿年,红龙飞飞飞,都市,“我曾一人独活在史前地球，我经历过侏罗纪，曾亲眼看着小行星灭绝了一个时代。”“我曾穿梭诸天万界，世人尊我为太上至尊！”“我之大道，随心所欲，为所欲为！”陈正与至高无上一战，让纪元重,最新更新 第686章 因果！天弃一族！（一更）,2018-12-23 13:24,0.0
224,//bookcover.yuewen.com/qdbimg/349573/1010870807/150,带刀禁卫,快剑江湖,体育,“嘿，中国小子，收起你的小胳膊小腿，这儿是禁区，不是你该待得地方。”每当有人提出这种质疑，斯努比总会抬起他的下巴，不屑的仰视着他。“听着，如果花生酱与汉堡包都没办法堵住你的嘴巴，那,最新更新 0659：【约翰沃尔的感情史】,2018-12-22 23:10,0.0
225,//bookcover.yuewen.com/qdbimg/349573/1011448624/150,次元法典,西贝猫,游戏,当方正睁开眼睛时，惊讶的发现自己重生到了一个龙与魔法，骑士与公主的幻想世界。不仅如此，甚至连方正之前所设计的游戏系统，也一并跟随他来到了这个世界。那么接下来，就是穿越万千位面，获得,最新更新 第八百六十五章 少女晚上不该一个人出门,2018-12-23 12:24,0.0
226,//bookcover.yuewen.com/qdbimg/349573/1012664961/150,我在漫威无限抽卡,徐少一,二次元,魂穿漫威二战时期，凯尔看着眼前的美国队长，对方身上正浮现一连串密密麻麻的卡牌。【手枪精通】【拳击精通】……【真·盾击精通】【稀有·超级士兵】是否选择抽取？等等，不单单能力，连任何黑,最新更新 第二百八十八章 霸气的威压领域！,2018-12-22 23:49,0.0
227,//bookcover.yuewen.com/qdbimg/349573/3471716/150,重生之最强剑神,天运老猫,游戏,重头再来，为了掌控命运，再次进入了这款“活着的游戏”。这一次，他不会在受人所制。身为200级剑王，这一世他要攀向更高峰。游戏赚钱技巧！游戏副本攻略！游戏传奇任务！游戏装备出处！玩家,最新更新 第2353章 他是三阶,2018-12-23 13:14,0.0
228,//bookcover.yuewen.com/qdbimg/349573/1010839934/150,还是地球人狠,剑舞秀,玄幻,注意！注意！前方是地球人大型装13现场，外星人慎入，否则后果自负，勿谓言之不预也！,最新更新 第五百二十一章 你可知道莽字的另一种写法,2018-12-22 19:35,0.0
229,//bookcover.yuewen.com/qdbimg/349573/1003786696/150,难道我是神,熊狼狗,玄幻,流星划破长空，同样划破了世界的平静。超凡的力量降临人间，是谁在黑暗中窥伺，又是谁在我耳边低语。当咆哮粉碎苍穹，当力量踏平深渊，当所有的生死都被主宰……他们称呼我为——神。书友群：3,最新更新 1098 帝王猫装甲,2018-12-23 04:31,0.0
230,//bookcover.yuewen.com/qdbimg/349573/1011026627/150,氪金魔主,凰中鲤,玄幻,前世，吴浩一直以为钱就是一切。等到他穿越了……他才发现，确实如此。这是个关于氪金的故事，讲述一个勤俭持家的男人氪金成为大魔王的传说。,最新更新 第七百六十二章 忍得很辛苦,2018-12-23 14:13,0.0
231,//bookcover.yuewen.com/qdbimg/349573/1009443828/150,继承两万亿,侠想,都市,白小升，一个平凡打工族，继承了两万亿世界级大财团！按遗嘱，他要从底层做起，来一次职位升级之旅。解锁层层系统辅助功能，解锁海量资金，纵横集团下各行各业子公司，笑傲人生。“我来告诉你一,最新更新 第一千三百三十八章 拿回科里森,2018-12-22 23:54,0.0
232,//bookcover.yuewen.com/qdbimg/349573/1012447094/150,我要出租自己,五陵,都市,“我要租你做我一天的男朋友。”林小易：“好说，请问一天给多少钱？”“我想租你让我打一顿，一拳十块钱。”林小易：“来吧！我能让你打到破产！”“我要租你亲我三十分钟。”林小易：“……”,最新更新 第350章 这已经是明示了吧！,2018-12-22 23:52,0.0
233,//bookcover.yuewen.com/qdbimg/349573/3690449/150,绝代神主,百里龙虾,玄幻,【玄幻类收藏全网第一，千万收藏，百万追读，爆火爽文】苏家少主苏莫，觉醒出逆天武魂，却被认为是最低级的垃圾武魂，受尽屈辱……且看苏莫如何凭借着逆天武魂，一路崛起，一路逆袭……练奇功、,最新更新 第两千五百七十七章 鸿蒙紫气，大敌来袭,2018-12-22 21:07,0.0
234,//bookcover.yuewen.com/qdbimg/349573/1012740734/150,纵横诸天的武者,我叫排云掌,科幻,纵横诸天万界，追求武之真谛！现代青年雷虎无意中穿入诸天万界，追求武道成为最强的故事！,最新更新 第三百八十章 轮回（求订阅）,2018-12-23 11:26,0.0
235,//bookcover.yuewen.com/qdbimg/349573/1012347808/150,进球万岁,猪头七,体育,“我要不断的进球，进球、进球、进球！”“刷数据？是的，如果可以的话，我巴不得每场比赛都能帽子戏法。”这是一本关于进球至上的书，这也是一本关于王者归来的故事。【猪头七2018年全新力,最新更新 第032章 世纪婚礼,2018-12-23 00:52,0.0
236,//bookcover.yuewen.com/qdbimg/349573/3494835/150,霸皇纪,踏雪真人,玄幻,我的敌人只有两种，一种是跪着的，一种是躺着的。我叫高正阳，诸天万界中，最霸道最任性的那个。,最新更新 第一千三百七十章 七夜,2018-12-22 21:51,0.0
237,//bookcover.yuewen.com/qdbimg/349573/1005399587/150,宠物天王,皆破,都市,【1.下载一款可疑的游戏】【2.捕捉几只神奇的宠物当伙伴】【3.在轻松有趣的日常里，带领宠物店走上崛起之路】###实体书第1册已出版，各大电商有售###读者群：513717593（,最新更新 第1295章 惊现绿洲,2018-12-22 23:25,0.0
238,//bookcover.yuewen.com/qdbimg/349573/3200489/150,造化之王,猪三不,玄幻,一夜之间，少年叶真突然发现自己拥有了一项奇异的能力！山间虫兽那无意义的叫声，传入他耳中，就变得不太一样。老鼠兄弟吱吱的叫着：兄弟，后山里能让我们体型增长数十倍的宝贝快滴落了，快走！,最新更新 第2715章 跟我私奔吧,2018-12-22 23:08,0.0
239,//bookcover.yuewen.com/qdbimg/349573/1004588586/150,天唐锦绣,公子許,历史,穿越是一件很有意思的事儿，但是当房俊穿越到那位浑身冒着绿油油光芒的唐朝同名前辈身上，就感觉生活全都不好了……,最新更新 第一千八百三十三章 何用出兵？大家发财,2018-12-23 11:00,0.0
240,//bookcover.yuewen.com/qdbimg/349573/1010705571/150,主神调查员,小仲牛,科幻,这是个脑洞大开的爆笑故事，你将看到一个个与原作画风完全不同的剧情世界。我的名字叫罗锋，是一名主神调查员，日常工作是进入剧情世界，尽量扰乱剧情主线，收集数据与原剧情线做比对。我为什么,最新更新 第二百四十二章 图穷匕见,2018-12-22 23:27,0.0
241,//bookcover.yuewen.com/qdbimg/349573/1007994514/150,巫师亚伯,吃瓜子群众,奇幻,穿越了，怎么还带着赫拉迪克方块。骑士很帅，巫师拉风。你说我是做骑士还是做巫师呢？Ｑ群（普通群）：７８７８６８１Ｑ群（VIP群）：７９９９１８６,最新更新 第1400章 处理,2018-12-23 12:05,0.0
242,//bookcover.yuewen.com/qdbimg/349573/1005720920/150,都市之少年仙尊,梦朝南,仙侠,九玄仙尊林亦在渡劫飞升之时，不幸遭遇传说中龙的袭击，殒命天门台，从而回到了自己的少年时候，成为地球高二学生林亦，同时发现左手位置，被封印了一条龙。从此，林亦以一种绝强的姿态屹立于新,最新更新 第1845章 他，是个谜【第3更】,2018-12-22 23:54,0.0
243,//bookcover.yuewen.com/qdbimg/349573/1010298084/150,尘骨,林如渊,玄幻,所谓天命，不过是莫须有的束缚。若要踏破星河，立志前行，从来不晚。——————————书友QQ群号：415568005（尘世傲骨~尘骨书友群）等你来！,最新更新 第四七七章 唇枪舌战（第二更）,2018-12-20 17:30,0.0
244,//bookcover.yuewen.com/qdbimg/349573/3364105/150,重返1977,镶黄旗,都市,玩主，院派，佛爷，圈子，老炮，杆儿犯……演绎京城江湖，军帽，仔裤，外烟，彩电，金庸，霹雳舞……历数流行风潮，西单，东单，前门，红桥，秀水，三里屯……满目繁华喧嚣，票证，高考，返城，,最新更新 第一百三十五章 福祸,2018-12-23 11:50,0.0
245,//bookcover.yuewen.com/qdbimg/349573/1011938650/150,茅山鬼王,紫梦幽龙,悬疑灵异,【最火爆】手有罗盘判阴阳，一把法剑定乾坤。葛羽，三岁修道，少年大成，会抓鬼、会治病、会看相、会算命，会占卜，最重要的还是会摸骨……身负洪荒，天赋异禀，玄学五术，样样精通。二十出山，,最新更新 第924章 大道至简,2018-12-23 14:19,0.0
246,//bookcover.yuewen.com/qdbimg/349573/1011316011/150,重生之御医,夜的邂逅,都市,陈天麟，一位闻名世界的华人外科医生，因为一场阴谋重生回到他母亲遇难的那一天，并获得来自千年后的医生辅助系统的认主，靠着前世所掌握的医术，以及从辅助系统那里兑换而来的医术，他成功治愈,最新更新 第634章来得早！不如来得巧！,2018-12-22 20:45,0.0
247,//bookcover.yuewen.com/qdbimg/349573/3541095/150,大明文魁,幸福来敲门,历史,紫禁城前九重门，百官簪缨南阙来。帽插宫花朝天颜，金殿传胪名声传。十里御街打马过，人称大明状元郎。这是一个现代人在明朝好好读书，天天向上的故事，已有两本两百万字作品完本，人品保证！书,最新更新 一千一百三十二章 梅家的盘算,2018-12-22 23:27,0.0
248,//bookcover.yuewen.com/qdbimg/349573/1010325796/150,进化之眼,亚舍罗,玄幻,出门一把刀，装备全靠爆！网文写手白小文，被一颗神奇眼球带到了百年之后的灵能时代。灵子渗透，变异兽肆虐，灵界怪物入侵，数据化的地球如同一个超大型游戏！我来了，我看见，我征服！白小文睁,最新更新 第842章 宝地空间和灵能训练场的来历,2018-12-23 10:27,0.0
249,//bookcover.yuewen.com/qdbimg/349573/1010708805/150,捉鬼龙王之极品强少,讲古书生,悬疑灵异,出生时因为天资太高，为上天所不容；三岁时开天目，鬼差见了我要喊一声林少；四岁时道法大成，鬼王甘愿当我小弟；如今我十八岁，已经强到天下无敌，当然这些不重要，我只想问一下，有个冷艳女神,最新更新 1606 超音速的飞行,2018-12-23 13:11,0.0
250,//bookcover.yuewen.com/qdbimg/349573/2952453/150,完美世界,辰东,玄幻,一粒尘可填海，一根草斩尽日月星辰，弹指间天翻地覆。群雄并起，万族林立，诸圣争霸，乱天动地。问苍茫大地，谁主沉浮？！一个少年从大荒中走出，一切从这里开始……,最新更新 我的新书《圣墟》已上传,2016-11-01 13:56,0.0
251,//bookcover.yuewen.com/qdbimg/349573/1011223144/150,战锤神座,汉朝天子,奇幻,一个黑暗的时代，血与火的时代。诸神的游戏依然在继续，却不知他们自己也即将进入棋盘。蛮荒之地，绿色的邪恶大潮席卷四方。黑暗之中，不死者们离开坟墓，向生者发动战争。人类帝国的新皇，必须,最新更新 第三百六十五章，混沌之书,2018-12-23 12:11,0.0
252,//bookcover.yuewen.com/qdbimg/349573/1012340689/150,西游之大娱乐家,清风小道童,仙侠,大唐长安。“报！”“什么事？”“大人，房公子杜公子又和程家三位公子开战了！”“唉！这次是因为什么事？”“听说，听说是因为陆雪琪和碧瑶谁应该是女主的问题！”天庭。“报！”“何事？”“,最新更新 第三百九十章，天道，鸿钧,2018-12-23 00:02,0.0
253,//bookcover.yuewen.com/qdbimg/349573/1012998282/150,我在古代有工厂,七世狂人,都市,刚毕业的王琛得到一个能自由穿梭古代和现代的系统，还能随身携带东西。可是，这个系统有点坑，别人去古代带回来的东西是古董，他带回来的却被告知时间年限很短，于是，他另辟蹊径，在古代开工厂,最新更新 写不出来，今日无更,2018-12-21 22:09,0.0
254,//bookcover.yuewen.com/qdbimg/349573/1011825607/150,獒唐,苍山月,历史,大唐......得魏晋之遗风，又承胡夷之奔放，无理儒之板古，避世家之横世。这是最好的时代，万里江山如画，四海呈平似锦。但，这也是最残酷的时代，皇权血祭父兄，欲望蒙蔽亲恩。自太宗起，,最新更新 第二八五章 道爷出马,2018-12-21 22:24,0.0
255,//bookcover.yuewen.com/qdbimg/349573/1011681537/150,诸天旅人,鹿食萍,科幻,行走在每一个世界，只为离开之后，诸天万界尽诵关于我的传说。陆小凤传奇里，于紫禁之巅刺出超越了完美的一剑，败尽群雄，留下剑道传说。龙蛇演义里，武道大会上与王超探索前面的路。破碎虚空里,最新更新 第三百五十二章 进入上界,2018-12-22 23:23,0.0
256,//bookcover.yuewen.com/qdbimg/349573/1013292193/150,退后让为师来,隐语者,科幻,穿越唐僧，取经功成。闭关清修，“一觉”醒来，沧海桑田。满天神佛，烟消云散。唯有钢铁森林，高楼林立，竟然回归现代？只是神魔游戏，轮回穿梭，魑魅魍魉，群魔乱舞。有妖气！“退后，让为师来,最新更新 第一百三十六章 当场痊愈！,2018-12-22 20:00,0.0
257,//bookcover.yuewen.com/qdbimg/349573/1003516585/150,异能小神农,张家三叔,都市,小小农民得奇遇，医技惊人功夫深。种田种菜种药材，炼功炼丹练长生。有闲训训狐，遛遛狗，练练拳来打打架，逗逗孩子饮饮茶。打红枣，晒板栗，啃黄瓜。携美人赏菊东篱下，高粱地里观晚霞。看，美,最新更新 第5466章 葬天大帝,2018-12-22 22:14,0.0
258,//bookcover.yuewen.com/qdbimg/349573/1012845616/150,去相亲吧，爸爸,可乐,二次元,本来杨小光是准备给四岁的女儿找个妈，却不知怎么就变成了女儿给自己找老婆。-----“老爸，你今天的相亲对象是我同学...”杨小光脸色大变：“朵朵，你想让警察叔叔把爸爸抓起来吗？”“,最新更新 第254章 天生媚体,2018-12-23 10:31,0.0
259,//bookcover.yuewen.com/qdbimg/349573/1012711294/150,听说我死后超凶的,老魔童,都市,这一天，某个自称是重生者的漂亮小姐姐，突然找到了林雾。“你认识未来的我？”林雾好奇无比：“那我以后发财了吗？老婆漂亮吗？成名了吗？”“未来的你……富可敌国，妻妾成群，名震天下。”“,最新更新 第245章 逆转,2018-12-22 23:46,0.0
260,//bookcover.yuewen.com/qdbimg/349573/3462959/150,武破九荒,无敌小贝,玄幻,真灵大陆，天骄当世，妖孽争锋，王者长啸可落星辰，皇者翻手可遮苍穹。出身卑微的少年萧叶，得远古传承，从此武极天下，横推万敌，战破九荒，热血澎湃的战斗燃烧九重天。无敌的战场，天才血如海,最新更新 第3075章 混沌神国天才名单,2018-12-22 22:17,0.0
261,//bookcover.yuewen.com/qdbimg/349573/1735921/150,遮天,辰东,仙侠,冰冷与黑暗并存的宇宙深处，九具庞大的龙尸拉着一口青铜古棺，亘古长存。这是太空探测器在枯寂的宇宙中捕捉到的一幅极其震撼的画面。九龙拉棺，究竟是回到了上古，还是来到了星空的彼岸？一个浩,最新更新 我的新书《圣墟》已上传,2016-11-01 14:00,0.0
262,//bookcover.yuewen.com/qdbimg/349573/107580/150,凡人修仙传,忘语,仙侠,一个普通山村小子，偶然下进入到当地江湖小门派，成了一名记名弟子。他以这样身份，如何在门派中立足,如何以平庸的资质进入到修仙者的行列，从而笑傲三界之中！续篇《凡人修仙之仙界篇》已经在,最新更新 忘语新书《玄界之门》,2016-01-05 17:02,0.0
263,//bookcover.yuewen.com/qdbimg/349573/1010144088/150,无限先知,吴杰超,玄幻,先知先觉，占尽先机；徐越穿越了，本以为靠着自己超前的眼光小日子也能继续混下去，但紧随其后的便是被轮回空间拉入了无尽的轮回任务中。有趣的是，在诸多任务空间内，全都是徐越穿越前所知道的,最新更新 第一千零二十九章 为所欲为,2018-12-22 21:12,0.0
264,//bookcover.yuewen.com/qdbimg/349573/1012919215/150,我真的不是富二代,幻羽呀,都市,姚衣放下豪宅的钥匙，退回母亲作为生日礼物送来的豪车，脱下一身名牌定制，看了眼镜子里的年轻人。镜子里的人在说：重活这一世，我不想再做富二代。v群开通了：872395472。2000粉,最新更新 第217章 只此一次，下不为例（7200字小章）,2018-12-22 16:43,0.0
265,//bookcover.yuewen.com/qdbimg/349573/1004081397/150,古董商的寻宝之旅,血蝠,都市,一个古董商人兼古玩藏家带着几十年的从业经验，回到80年代中期自己年轻时。然后，他发现想要找好藏品是如此简单；至于发财？不好意思，还得一步步来......qq群号424089826，,最新更新 第1570章 留发留头,2018-12-23 00:14,0.0
266,//bookcover.yuewen.com/qdbimg/349573/1012362153/150,神话基因,鱼跃冲顶,玄幻,每一个神话，都是一条成神之路！人类踏入星河时代，古老的修行焕发出崭新的生命力。愿基因与你同在！一语道破修行的真谛。神话不是梦话，每个人体内都传承着古老的神话基因。后羿基因让你百里穿,最新更新 第三百五十七章 猴子猴孙荡群妖,2018-12-22 12:31,0.0
267,//bookcover.yuewen.com/qdbimg/349573/1003899336/150,最强反套路系统,太上布衣,仙侠,原书名《最强装逼打脸系统》！最强反套路，我TM反手就是一个套路，横扫修仙界无敌手，就问一声还有谁？装逼如风，常伴吾身！长路漫漫，装逼相伴！生死看淡，不服就干！“年轻人，当年我开始套,最新更新 第一千五百一十七章 手上是装了钢板吗,2018-12-18 01:31,0.0
268,//bookcover.yuewen.com/qdbimg/349573/1012513342/150,精灵之传奇训练家,铁腿水上漂R,二次元,世界存在着许多美好，但这一切的一切都需要力量去守护。“这一世，我一定要掌握自己的命运，并且要非常精彩的活下去。”佐藤枫脸色平静地想道。精灵啊，我亲爱的伙伴，请助我一臂之力吧，一同去,最新更新 第三百六十七章：就决定是你了！,2018-12-22 23:00,0.0
269,//bookcover.yuewen.com/qdbimg/349573/3686542/150,恶魔囚笼,颓废龙,游戏,一款不受任何保护的地下游戏，一群追逐权利、财富、生命的玩家！命不久矣的秦然，选择进入其中——为了活下去的机会！企鹅群（VIP全订：547350184；普通：392362642）请关,最新更新 第八十七章 忽悠,2018-12-22 19:00,0.0
270,//bookcover.yuewen.com/qdbimg/349573/1011932684/150,天生就会跑,丧尸舞,体育,从踏上跑道的那一天，我才发现，原来，人生有另一种选择！,最新更新 第四百六十六章 历史第三,2018-12-22 17:16,0.0
271,//bookcover.yuewen.com/qdbimg/349573/1010816527/150,宇宙霸业,牛家一郎,科幻,地球上的大航海时代，仅仅几百年的时间，盎格鲁撒克逊人就彻底的主宰了整个地球；时代变迁、科技发展，小小的地球已经越来越无法满足人类发展的需求，宇宙大航海时代呼之欲出。大学生李复无意之,最新更新 第292章，西斯特人的入侵,2018-12-23 09:28,0.0
272,//bookcover.yuewen.com/qdbimg/349573/1010541675/150,厉害了我的原始人,竹刺无锋,玄幻,这是一个由石炭纪的巨虫、侏罗纪的恐龙、古近纪的凶兽交织共存的，凶残度爆表的史前世界。在这片恢弘瑰丽的史前世界中，人类不再位于食物链顶端，反而在各种猛兽凶虫的夹缝里艰难求存……原始社,最新更新 第五百七十三章 洞穴里的水晶帘,2018-12-22 21:44,0.0
273,//bookcover.yuewen.com/qdbimg/349573/1012353235/150,大宋超级学霸,高月,历史,那一年，大宋甲级足球联赛正热，国民老公苏东坡金榜高中。那一年，京城房价一飞冲天，老干部欧阳修买房不及时被夫人赶出家门。就在那一年，赵官家上元夜偷窥香艳女相扑，被朝阳群众司马光当场抓,最新更新 第三百五十八章 再度出发,2018-12-23 07:00,0.0
274,//bookcover.yuewen.com/qdbimg/349573/1012206755/150,开海,夺鹿侯,历史,明朝嘉靖四十五年，隆万中兴前夜。这是最好的时代，戚家军向近代军队迈出第一步，脚踏缫车在东南日夜不休产出丝绸，它强大、富庶。这也是最坏的时代，卫所制因贪污腐败而日趋崩溃，土地兼并愈演,最新更新 第十二章 蒸汽,2018-12-23 07:05,0.0
275,//bookcover.yuewen.com/qdbimg/349573/1013009467/150,我的一天有48小时,小呆昭,科幻,一个月前张恒发现自己一天的时间多出了24个小时，与此同时他也被卷入到一场危险的游戏中……无限流，轻松向。不要太纠结细节，当tvb看看就好。群号：194329315,最新更新 第一百九十四章 睡相,2018-12-22 23:43,0.0
276,//bookcover.yuewen.com/qdbimg/349573/1012284569/150,最强妖锋,tisword,体育,踢踢球，赢得别人赞赏，就能强化自身能力。如果你有这样的金手指，你会如何？……高中生楚歌为自己定下一个小小的目标，他想成为最伟大的球星，结果，他不小心超过了。书友群：83148325,最新更新 441、有你们真好（修仙更新~~）,2018-12-23 03:06,0.0
277,//bookcover.yuewen.com/qdbimg/349573/1011779319/150,败家系统在花都,风雷煮酒,都市,主持人：您的梦想是什么？吕小布：混吃等死，为所欲为。主持人：既然如此，那您是怎么成为全球首富的？吕小布：我特么哪知道？你问败家子怎么赚钱？真的是！我要回去睡觉了。主持人：别……吕小,最新更新 第一千零二十四章 没面子的梁兰【为姐的孤独你不懂的万赏加更】,2018-12-22 23:21,0.0
278,//bookcover.yuewen.com/qdbimg/349573/1012661962/150,王牌自由人,爱开大差,游戏,一个神秘而强大的顶尖网游高手因为各式各样的原因闯进了一款席卷全球的网游。他是...统治副本通关记录的强人。他是...无数惊人技巧的开发者。他是...各大公会互相争夺的大神。他是..,最新更新 第267章 反向通缉自己的BOSS,2018-12-22 19:39,0.0
279,//bookcover.yuewen.com/qdbimg/349573/3681932/150,名侦探世界里的巫师,追梦人Love平,二次元,一个末法时代的鬼巫师车祸被撞死，灵魂穿越，发现自己来了日本，附体在了一个日本人的身上。正想着要在日本闯出一个名堂来，结果顺手拿起一份报纸扫了一眼——工藤新一，日本平成年代的福尔摩斯,最新更新 第1752章 好想把她的鱼尾巴炖汤啊,2018-12-23 00:07,0.0
280,//bookcover.yuewen.com/qdbimg/349573/1004074281/150,重生之最强人生,俊秀才,都市,一次跑步锻炼，殷俊从迷雾中穿出来时，已经回到了78年的香江。这一年，还没有霸占荧幕的综艺节目，没有熟悉的特效大片，也没有耳熟能详的歌曲。这一年，香江电视剧还没有好戏频出，香江电影也,最新更新 第1779章 天眷之人,2018-12-23 09:07,0.0
281,//bookcover.yuewen.com/qdbimg/349573/1010139236/150,都市圣医,番茄,都市,【番茄火爆人气作品】八年前，他家破人亡，流离失所。八年后，他铁血回归，带来焚天之恨。我要让苍天对我敬畏，我要让大地为我颤抖，我要这世界因我而疯狂。郭义！一个冷血，傲慢，不屑漠视天下,最新更新 第2202章：魔王,2018-12-23 14:05,0.0
282,//bookcover.yuewen.com/qdbimg/349573/1012981842/150,差佬的故事,萌俊,科幻,这是一个主角在港岛电影世界当差的故事，从巡逻军装开始，和陈家驹并肩作战，与刘建明暗地交锋，跟李文斌夺位一哥！——叮！系统已刷出宝箱，坐标759.455。刚走出考试厅的李少泽，掏出了,最新更新 235 直扑工厂,2018-12-23 09:00,0.0
283,//bookcover.yuewen.com/qdbimg/349573/1003713593/150,最强医圣,左耳思念,都市,带着一身通天本领强势回归。会治病、会算命、会炼药、会摆阵、会炼符……“这个世界上没有我办不到的事情！”——沈风。——————————————————读者群：539912693,最新更新 第一千八百六十章 注定是我的绝路,2018-12-22 16:42,0.0
284,//bookcover.yuewen.com/qdbimg/349573/1011635120/150,大宋有毒,第十个名字,历史,还是那个洪扒皮，继续着当小白鼠的穿越生涯，既然反抗不了外星人，那就踏踏实实的祸害地球人吧。这次他又跑到了神宗年间的北宋，但是起点比南宋还低，因为成了神宗的妹夫、风流才子王诜。问题是,最新更新 681 爱很值钱,2018-12-23 08:00,0.0
285,//bookcover.yuewen.com/qdbimg/349573/1012947617/150,妖皇神宠进化系统,一朝好梦,都市,打怪升级，饲养神宠，成就妖皇：左阳！妖皇座下，小黑——嗜血毒蚊，成就一代毒圣。妖皇座下，大黄——灵明智狗，成就一尊狗皇。妖皇座下，阿宝——太极熊猫，成就一代武祖。妖皇座下，天玄——,最新更新 第二百八十五章 八岐大蛇神,2018-12-23 00:03,0.0
286,//bookcover.yuewen.com/qdbimg/349573/1012765199/150,修道红尘间,胜为王,都市,混沌洪荒，山海封神，书尽仙神之兴衰。阴阳五行，天地人神，道法规则渐流逝。天数颠倒命难定，世道兴衰说自由。仙佛匿迹，神踪不显。红尘修道，我欲长生。神通万千，法术为门，永恒不再是传说。,最新更新 第233章 我道 （第一更！求订阅！求月票！）,2018-12-23 13:15,0.0
287,//bookcover.yuewen.com/qdbimg/349573/1004499076/150,驭房有术,铁锁,悬疑灵异,进城闯荡的小阿姨衣锦还乡，张禹的老妈心动了，决定让儿子前去投奔。不曾想，所谓的豪宅就是一个三十平米的出租屋，更为要命的是，小阿姨经营的房产中介都快交不上房租了。风水卖房、风水装修…,最新更新 第3185章 戴罪立功,2018-12-23 14:32,0.0
288,//bookcover.yuewen.com/qdbimg/349573/1009598226/150,重生之超级银行系统,6号鼠标,都市,唐青重生在2004年，获得银行系统。于是，他亮了。他掌握着非洲的经济命脉。他影响着中东的局势走势。他是全世界大部分国家的债主。他是整个世界金融秩序新的制定者。他是潜藏在这颗星球背后,最新更新 第一千一百零二章 新安市（求订阅！）,2018-12-22 18:39,0.0
289,//bookcover.yuewen.com/qdbimg/349573/1011026048/150,绿茵峥嵘,林海听涛,体育,十五岁就加盟意甲豪门的高峥寄托了无数中国球迷的所有期待，他被媒体誉为“可以改变中国足球未来”的天才球员，但命运却和他开了个天大的玩笑。人生就像一场足球比赛，命运这个对手已经遥遥领先,最新更新 第三百九十一章 出人意料的首发阵容,2018-12-23 08:00,0.0
290,//bookcover.yuewen.com/qdbimg/349573/1013175590/150,史上最难开启系统,映丽桃花,玄幻,赵御睁开眼睛之后发现自己突然变成了一个襁褓中的婴儿，而且是一个霸主王朝的皇太孙，更加激动的是他脑海中还自带着一个刀塔远古遗迹系统。但是这居然是史上最难开启系统“远古遗迹系统未开启，,最新更新 第二百零三章 初来驾到,2018-12-23 07:36,0.0
291,//bookcover.yuewen.com/qdbimg/349573/3333529/150,道门法则,八宝饭,仙侠,在道门掌控的天下，应该怎么修炼？符箓、丹药、道士、灵妖、斋醮科仪......想要修仙，很好，请从扫厕所开始做起！符诏到来的时候，你需要站在什么位置？Q群：1701556（大群）、9,最新更新 第一百二十七章 会谈结果,2018-12-23 13:00,0.0
292,//bookcover.yuewen.com/qdbimg/349573/1005392714/150,狂探,旷海忘湖,都市,一个打架不要命,无节操无底线的小痞子，意外穿越到平行空间，摇身变成了一名重案组探员。巨大的身份转换，让他把警局搞得鸡飞狗跳。然而，一个邪门的奇遇系统，却让他屡破奇案，成为了一名个性,最新更新 第1573章 意想不到的反应,2018-12-23 08:05,0.0
293,//bookcover.yuewen.com/qdbimg/349573/1009642835/150,开局一个大天使,正北方,游戏,王大亮是一个即将毕业的大四狗，平时最大的爱好就是玩各种各样的游戏。但是在这即将离开校园的时候，在一个夏日炎炎被蚊子咬醒的晚上，他突然发现了自己的室友兼基友的一个大秘密。他竟然重生了,最新更新 第407章 不要招惹黑珍珠,2018-12-22 23:17,0.0
294,//bookcover.yuewen.com/qdbimg/349573/1011932535/150,诸天我为帝,兴霸天,玄幻,仙武三国，武将炼精，谋士炼神，战天斗地，无双神威。成皇子，驭龙灵，穿诸天为帝，收异族龙气，挽狂澜于既倒，扶大厦之将倾！（全新书友群：797607104）,最新更新 第七章 轩辕蚩尤（求订阅！）,2018-12-23 12:16,0.0
295,//bookcover.yuewen.com/qdbimg/349573/3607314/150,神道丹尊,孤单地飞,玄幻,绝世强者、一代丹帝凌寒为追求成神之路而殒落，万年后携《不灭天经》重生于同名少年，从此风云涌动，与当世无数天才争锋，重启传奇之路，万古诸天我最强！普通群：273857096。VIP群,最新更新 番外-都市篇08,2018-12-22 19:39,0.0
296,//bookcover.yuewen.com/qdbimg/349573/1011081483/150,武侠世界轮回者,墨羽云山,科幻,一个平凡少年，行走在武侠世界，最终成为超凡强者的故事。QQ书友群：718842709,最新更新 第643章 王都来人黄飞豹,2018-12-22 21:34,0.0
297,//bookcover.yuewen.com/qdbimg/349573/1004972376/150,都市最强打脸天王,罪洋.CS,都市,比有钱？抱歉，我随便解一块原石就价值上亿。想打架？抱歉，我让你双手双脚。想我？抱歉，我有老婆了。请不要在我面前装比，我有一个绰号，叫打脸张！【打脸团群号：149387878】期待各,最新更新 第2086章 从未使用过的姻缘绳,2018-12-22 23:54,0.0
298,//bookcover.yuewen.com/qdbimg/349573/1013037571/150,天道罚恶令,为谁陨落,玄幻,陆笙获得罚恶令，附身在衣锦还乡的士子身上。绚丽江湖，谁主沉浮？你说你一双铁掌打遍天下？来，接我一招降龙十八掌先。剑仙剑神，决战金陵！怎么可以少了一剑西来天外飞仙？罚人间之恶，得我盖,最新更新 第一百八十二章 脱胎换骨,2018-12-23 08:05,0.0
299,//bookcover.yuewen.com/qdbimg/349573/1011823989/150,花都巅峰狂少,任九天,都市,【无敌文】他是被家族遗弃的废物，被母亲视为这一生最失败的作品，受无数人冷眼，一朝逐出家族。十五年后归来。他确是他们垫脚都无法仰望的存在，什么亲情、爱情，早在十五年前就已经被狗吃了…,最新更新 第877章 天生异象,2018-12-23 13:50,0.0
300,//bookcover.yuewen.com/qdbimg/349573/1013012383/150,掀翻时代的男人,为情成痴,都市,带着个系统穿越到科技树长歪的平行世界。苏扬觉得自己不能像姐姐一样混吃等死，于是，他开始奋斗。搞外卖，做游戏，改写IT行业，调（和）教（谐）娱乐圈，问鼎福布斯榜……赚钱装X两不误。姐,最新更新 第296章 又一首精品歌,2018-12-23 13:45,0.0
301,//bookcover.yuewen.com/qdbimg/349573/1012853847/150,学霸也开挂,手握寸关尺,都市,这是一个关于学霸开挂，一人可敌一国的故事。裙号：173-337-952,最新更新 第二百七十七章：恐怖如斯！嘶………（五千字大章求订阅~）,2018-12-23 14:00,0.0
302,//bookcover.yuewen.com/qdbimg/349573/1013269005/150,诸天狂蟒进化,尘封听雨,科幻,重生成蟒，为了滋润的活下去，张尘只能踏上未知的旅途。狂蟒世界：吞噬血兰，基因进化。侏罗纪世界：搏杀沧龙。霍比特人世界：史矛革，有翅膀就了不起？吃我一发黑蛇的咆哮……[简介无力，请看,最新更新 第156章：倾国倾城,2018-12-22 19:32,0.0
303,//bookcover.yuewen.com/qdbimg/349573/1006276401/150,策行三国,庄不周,历史,重生孙策，雄霸三国。一梦醒来，成了小霸王孙策，亲爹孙坚正在襄阳作战，命悬一线。爹要救，江山要打，乱世和美人都要拯救，但事情却不是想象的那么简单。袁绍四世三公很强大，江东缺马难争霸。,最新更新 第1697章 雪灾,2018-12-23 11:00,0.0
304,//bookcover.yuewen.com/qdbimg/349573/1012779825/150,美漫从超人开始,难道我是超人,科幻,李亚穿越到了美帝，意外获取了友情系统。从此之后，李亚从朋友身上获取了各种各样的技能。“我从超人身上获得了氪星人血统，从戴安娜身上获得神格……”“从蝙蝠侠……额，为什么从老爷那里获得,最新更新 第310章，国王万岁,2018-12-23 11:52,0.0
305,//bookcover.yuewen.com/qdbimg/349573/1013414929/150,手术直播间,真熊初墨,都市,一个外科的小医生，一不小心得到了系统加持，横扫医学界，妙手回春，活人无数。,最新更新 0186 万涓成水，汇流成河,2018-12-23 12:00,0.0
306,//bookcover.yuewen.com/qdbimg/349573/1012660662/150,我不当鬼帝,一步临凡,悬疑灵异,我不当鬼帝，因为我怕鬼！别人装逼靠拼爹，而我就很灵性了，我靠上辈子拯救了世界。陈一凡上辈子是一个牛逼哄哄的大修士，因为拯救了世界，功德无量，天道特赐补空缺的酆都大帝一职，然而，他挂,最新更新 第三百九十二章 山庄总部,2018-12-22 23:44,0.0
307,//bookcover.yuewen.com/qdbimg/349573/1005025657/150,都市最强修真学生,林北留,仙侠,【火爆畅销】无敌仙尊，重生都市，降临到了一名普通的高三学生身上。会修真、通医道、能隐身，游走校园，玩转都市，以爆表的力量横扫一切，专治各种不服！我会修真，任我纵横！,最新更新 第1835章 望海亭,2018-12-22 21:43,0.0
308,//bookcover.yuewen.com/qdbimg/349573/1009922190/150,神级美食主播,黑色花灯,都市,平行空间，华夏国。A：第一，坐等叶飞大神开播。B：今天叶大神要直播什么菜？猜对有奖。C：这个真不好猜，他会做的太多了。D：妈妈，叶飞哥哥快开播了，快给我泡一碗泡面。E：小飞要开播了,最新更新 第一千二百九十九章 这孩子抽奖都抽出来经验了,2018-12-22 23:18,0.0
309,//bookcover.yuewen.com/qdbimg/349573/1012891161/150,都市强无敌外挂系统,群玉山头见,科幻,本身是个挂逼的白亦剑原本一心准备当个家里蹲，苟在家里躺着就成为无敌强者。谁知道狗血的突然冒出个未婚妻，而以为对方是来退婚的他刚欣然应下才发现自己搞错了，然后闪婚得到了大美女老婆。接,最新更新 第463章 我有多强，我自己都不知道,2018-12-23 00:04,0.0
310,//bookcover.yuewen.com/qdbimg/349573/1009272185/150,我的小人国,青衫小白,科幻,简介：有了一个小人国的萧羽，仗着体型和科技装备在小人国作威作福之余。忽然发现，靠着小人国世界奇物和超凡知识的自己，已然把现实世界带向了歪路……总结：这就是个女朋友哪里有小人国好玩的,最新更新 第一千一百五十四章 黑暗王子爱德华,2018-12-23 00:43,0.0
311,//bookcover.yuewen.com/qdbimg/349573/1011497893/150,极拳暴君,夜与雪,玄幻,黑暗笼罩，秩序崩溃，人性沦丧......哀嚎奏响死亡，绝望与恐怖降临！地狱空荡荡，魔鬼在人间。陈冲知道，在这崩坏的世界，拳即是权，唯有拳头在先，道理才能深入人心！,最新更新 361章 魔性火种与......真相！,2018-12-23 03:20,0.0
312,//bookcover.yuewen.com/qdbimg/349573/1012423893/150,重生支配者,历史里吹吹风,奇幻,这是一个永远不会死的时空支配者，在都市里面为所欲为的故事。普通群：163254862V群：812612991（需要粉丝值弟子，进群需截图，作者老书的粉丝值也可以）,最新更新 第三百二十九章：福地仙岛,2018-12-23 02:53,0.0
313,//bookcover.yuewen.com/qdbimg/349573/1006853204/150,文化入侵异世界,姐姐的新娘,科幻,一群巨龙搬着小板凳日夜追看《权力游戏》。精灵大德鲁伊们因为《忠犬八公的故事》而潸然泪下。人类与矮人在《炉石传说》酒馆中为一张传说卡牌而大大出手。甚至就连神明也亲自来到凡间催更小说《,最新更新 番外·5 亲爹,2018-12-14 02:26,0.0
314,//bookcover.yuewen.com/qdbimg/349573/1011283836/150,伊森的奇幻漂流,冥域天使,奇幻,伊森来到了一个满是海洋的世界。一个人，一条船；还有一个能够穿梭万界的指针！踏上征途，有着漫威、DC等无数位面做后盾，目标自然是那星辰大海……大概吧……,最新更新 第144章 死的太仓促了,2018-12-22 23:50,0.0
315,//bookcover.yuewen.com/qdbimg/349573/3544421/150,从仙侠世界归来,发狂的妖魔,都市,五年前，萧凡突然神秘失踪，生不见人，死不见尸，没人知道他其实是去了一个广袤无边，仙神林立，妖魔横行的仙侠世界。五年后，萧凡已经在那个仙侠世界度过了漫长的五千年，带着一身神秘莫测，通,最新更新 第2164章 光明城,2018-12-18 20:00,0.0
316,//bookcover.yuewen.com/qdbimg/349573/1011932959/150,大仙官,暗黑茄子,仙侠,执笔仙路写长生，笑谈天地任逍遥。一场黄粱梦，让寒门士子楚弦拥有了后世记忆，在这个神佛为尊的大世界中，想要不为蝼蚁，不被奴役，唯有自强不息。,最新更新 第五百零八章 管不到我凉州,2018-12-23 08:00,0.0
317,//bookcover.yuewen.com/qdbimg/349573/1010810478/150,我的钢铁战衣,钢铁战衣,科幻,美国队长：“指挥官！咆哮突击队已就位！”钢铁侠：“你是我的教父？！”金刚狼：……黑夜传说、阿凡达、极乐空间、超验骇客……在一个个科幻电影的世界中穿梭，同时也悄悄地改变着现实世界一具,最新更新 第六百二十三章 新生意识！,2018-12-22 22:23,0.0
318,//bookcover.yuewen.com/qdbimg/349573/1004156167/150,在漫威当超级英雄的那些年,一吨大苹果,都市,一个不小心穿越了，而且穿越了美利坚。好吧穿越美利坚也没什么不好的。但是那个拿着锤子漫天飞来飞去的家伙都是谁！嘿~谁在那里控制雷暴！不知道这种天气影响生意吗！还有那边那个绿皮的大家伙,最新更新 第七十五章 让我打爆他的狗头,2018-12-23 14:03,0.0
319,//bookcover.yuewen.com/qdbimg/349573/1013184675/150,转生眼中的火影世界,空想之龙,二次元,战战兢兢的日向镜，终于得到了梦寐以求的宝物...在宝蓝色的转生眼中，火影的世界究竟是什么样的呢？,最新更新 第二百二十七章 永恒,2018-12-22 22:27,0.0
320,//bookcover.yuewen.com/qdbimg/349573/1003555770/150,斗武乾坤,流水无痕,玄幻,大道三千吾为尊，亿万规则吾为主！乾坤有吾，万帝臣服！,最新更新 第0820章：炼化血皇,2018-12-23 13:36,0.0
321,//bookcover.yuewen.com/qdbimg/349573/1003649938/150,万龙神尊,晓未央,玄幻,那前方尸骨如山，血似海流，而他从长生中来，无路可走，唯九死一生。书友群：普通书友群577050312，正版读者群：616904347,最新更新 完本感言,2018-12-16 00:00,0.0
322,//bookcover.yuewen.com/qdbimg/349573/1011697971/150,黑夜玩家,幼儿园一把手,都市,这个世界，并没有我们想象中的那么简单。妖、魔、鬼、怪……这些东西真实存在，并已融入到了我们的生活之中。特别是在黑夜里，它们不稳定的一面将会被放大。白天属于人类，而夜晚……属于它们！,最新更新 377、【浮生已千年】,2018-12-22 16:44,0.0
323,//bookcover.yuewen.com/qdbimg/349573/1012035454/150,无敌蛇皇,半世清白,都市,谁说蛇要化成龙。谁说蛇便不如龙。相柳，九婴，海德拉，都是敢叫天地变颜色的存在。重生成蛇，让万物臣服。统领蛇族，成为一代蛇王，号令天下，莫敢不从。不断吞噬，不断进化，成为天地间最强大,最新更新 第518章 蛇族回潮,2018-12-22 03:51,0.0
324,//bookcover.yuewen.com/qdbimg/349573/1012241685/150,万历驾到,青橘白衫,历史,穿越到了大明万历皇帝的身上，你们将会听到一个声音：万历驾到！简介无能，就是穿越附身万历做皇帝的故事。,最新更新 第二百一十四章 审问,2018-12-22 21:09,0.0
325,//bookcover.yuewen.com/qdbimg/349573/1010911953/150,环城术士,黑袍雷斯林,科幻,逃离现实的沈言，闯进了一个瑰丽的奇幻世界。,最新更新 第58章 秋日晚归人 下,2018-12-22 19:39,0.0
326,//bookcover.yuewen.com/qdbimg/349573/1011694114/150,我的大明新帝国,摇摇-欲坠,历史,穿越大明最辉煌的年代，穿越大明最顺的继承人，但是我的目光穿透六百年的历史，现在的辉煌不是辉煌，跟我来重新建立一个真正辉煌的王朝。,最新更新 第七十三章 处罚,2018-12-22 17:36,0.0
327,//bookcover.yuewen.com/qdbimg/349573/1011874305/150,华娱大时代,吃饭打怪兽,都市,重回2004，在这个华语电影刚刚开始发展的年代，唐安的导演之路重新开始！从华夏走向世界，这是华语电影走向辉煌的时代，也是属于唐安的大时代！,最新更新 第六百一十一章别特么来跟老纸比！（第二更求订阅！）,2018-12-23 01:43,0.0
328,//bookcover.yuewen.com/qdbimg/349573/1012836900/150,文娱不朽,潇潇清枫,都市,魔都音乐学院在读博士生苏逸阳，意外获得不断觉醒异位面记忆片段的能力。在台前，他是亿万粉丝崇拜的天王巨星，一首首经典的歌曲出自他手，一部部经典的影片被他完美演绎！在幕后，他是互联网领,最新更新 第三百八十八章：录制筹备！,2018-12-23 12:02,0.0
329,//bookcover.yuewen.com/qdbimg/349573/1013022072/150,老子就是大魔王,疯狂的飞刀,游戏,宇宙神级文明扶贫地球，赐给人类智子系统，人类可以通过智子进入各种各样的世界副本，装备、技能、财富通通可以带回现实；坑爹啊，凭什么所有人都有系统，就我没有！！你们的系统我抢过来；你们,最新更新 第二百九十九章 魔族贱民（第四更，感谢侯博文10000书币打赏）,2018-12-22 22:02,0.0
330,//bookcover.yuewen.com/qdbimg/349573/1013399655/150,神级承包商,锋临天下,都市,小包工头秦始皇，意外得到一款超级承包商系统，从此开启不一样的人生。走上人生巅峰，迎娶白富美，已经不是他的终极目标。“我，秦始皇，打钱。”公布一个书友群，无任何要求，群号：95370,最新更新 第二百零六章 音乐学院王婷,2018-12-23 12:12,0.0
331,//bookcover.yuewen.com/qdbimg/349573/1011768899/150,抗日之铁血战将,574981,军事,不想当将军的士兵不是好士兵，我要进战斗部队，我要当将军……穿越后的李浩一脸狂妄说道。炊事兵也是兵，当好了炊事兵才有资格进战斗部队，当将军……团首长狠狠瞪了一眼李浩回答。从此以后，李,最新更新 第562章 司令员的提醒（第一更！）,2018-12-23 09:46,0.0
332,//bookcover.yuewen.com/qdbimg/349573/1003818186/150,万古大帝,暮雨神天,玄幻,吞天至尊凌霄，战神大陆十大封号至尊之首，触摸到神灵之境的绝世强者，却因好友陷害而死，重生于万年后一个平凡少年的身上。拳出乾坤动，念动星河灭，一代至尊，荣耀归来，从此踏上了一条横扫各,最新更新 第二千五百七十一章 四大族长！,2018-12-22 22:18,0.0
333,//bookcover.yuewen.com/qdbimg/349573/1012655714/150,王牌兵王,丛林狼,军事,【火爆新书】杨正，偏远山区少年，因不满毒贩控制，奋起反抗，逃亡中巧遇特战小队，杀回村庄解救村民，从此踏上从军之路，历经磨难，九死一生，最终成长为王牌兵王，成就一段传奇。,最新更新 第487章： 秒杀野马,2018-12-23 12:43,0.0
334,//bookcover.yuewen.com/qdbimg/349573/1010565736/150,湾区之王,磨砚少年,体育,“中国人，在橄榄球的圈子里绝对不可能取得成功！”“你柔弱得就好像小鹿斑比，根本无法形成对抗！”“你有头脑、有智慧，但缺乏天赋。”陆恪：但，我有系统。手持系统，我要站上巅峰舞台，建立,最新更新 1171 完美落幕,2018-12-22 22:00,0.0
335,//bookcover.yuewen.com/qdbimg/349573/1011309865/150,都市阴阳仙医,辉二,悬疑灵异,林修从仙岛归来，以高傲姿态，吊打各路高手。不服？你是圣尊强者？不好意思，我踩的就是圣尊！书友群：564842229,最新更新 第一千一百六十二章：精心准备的武斗,2018-12-23 00:44,0.0
336,//bookcover.yuewen.com/qdbimg/349573/1011476924/150,地中海霸主之路,新海月1,历史,一部保加利亚帝国的诞生史，一部巴尔干小国的奋斗史！主角穿越斐迪南一世，带领保加利亚崛起之路。一部合理推演文，不脑残！历史党必看，外国历史爱好者更是不容错过！欢迎加入地中海霸主之路书,最新更新 一百三十七章、东南亚战略,2018-12-22 23:32,0.0
337,//bookcover.yuewen.com/qdbimg/349573/1012390525/150,打造火影世界,0蛋炒饭0,二次元,佐助开须佐斗地主，小樱沉迷外星人，九尾变成死肥宅，三代常备止痛片，蛇叔手捧漫画高呼科学，纲手夜夜宿醉，自来也夜宿大筒木平康坊，感觉这忍界好像有问题的鸣人只好忍受家人的白眼在月亮上孤,最新更新 请假,2018-12-22 19:49,0.0
338,//bookcover.yuewen.com/qdbimg/349573/1005404594/150,咸鱼翻身的正确姿势,二宝天使,都市,咸鱼翻身粉丝qq群:575283140简介:我叫顾铮，我专怼系统，最强学霸，泡妞系统，随身武器……一个字:怼他,最新更新 1470 蛇行天下（十四）,2018-12-23 09:00,0.0
339,//bookcover.yuewen.com/qdbimg/349573/1012520449/150,神话原生种,废纸桥,仙侠,科学的尽头是否就是神话？当人族已然如同神族，那是否代表已经探索到了宇宙的尽头？人已如神，然神话永无止境。我们需要的不仅仅是资源，更是文明本身。封林晩：什么假？谁敢说我假？我这一生纯,最新更新 第四百八十章鸣鹿请贤（求订阅）,2018-12-22 20:36,0.0
340,//bookcover.yuewen.com/qdbimg/349573/1013302262/150,超神术士,夜色迷人醉,玄幻,你对基础冥想术施放普通级提升术，基础冥想术最高等级＋1，你的技能熟练度＋1。你对张林施放黑铁级提升术，管理天赋+2，你的技能熟练度＋2。你对老爸施放青铜级提升术，你老爸锻造术上限＋,最新更新 第二百一十五章 人生处处皆……,2018-12-23 00:02,0.0
341,//bookcover.yuewen.com/qdbimg/349573/1005235275/150,汉祚高门,衣冠正伦,历史,沈哲子来到东晋初年，化身江南豪宗之子，良田万亩，家财万贯，仆役成群，起点罕见之高配穿越，可惜老爹是个造反惯犯。衣冠南渡，五胡乱华，华夏之哀曲，汉祚之悲歌。世家大族不靠谱，北伧南貉，,最新更新 1189 羯军奋力,2018-12-22 23:59,0.0
342,//bookcover.yuewen.com/qdbimg/349573/1010361147/150,墨唐,将臣一怒,历史,一个当代宅男穿越到初唐一个墨家子弟身上，就像一滴墨水滴在水杯中，很快，整个大唐就被渲染的乌七八黑。,最新更新 第五百七十七章 山东大水,2018-12-22 23:06,0.0
343,//bookcover.yuewen.com/qdbimg/349573/1012409187/150,华娱特效大亨,余生所念,都市,落魄功夫小生陆麟，拥有一台能做出炫酷特效的超级电脑。从此华语影片不在是低成本、小制作的代名词。奇幻瑰丽的仙侠世界登上银幕，沉迷华夏网文的外国小哥，不再期待漫威！书友群：481993,最新更新 第二百九十二章 黑暗森林,2018-12-22 23:54,0.0
344,//bookcover.yuewen.com/qdbimg/349573/1012807247/150,都市共享男友系统,必火,都市,【每日十更，唯我必火】何煊获得共享系统，每一次接单，何煊都怀着好奇又不安的心情，这次的顾客又特么是谁啊？请你们请一个一个排队下单好么？只要你们提出的要求，我都能实现。但是，要求别太,最新更新 第三百七十八章 这就是人性啊！【第二更】,2018-12-22 20:46,0.0
345,//bookcover.yuewen.com/qdbimg/349573/1040809/150,暗黑破坏神之毁灭,第七重奏01,游戏,百族亲王的奇幻暗黑大陆战（jie）斗(cao)毁灭史。,最新更新 第三千六百章 演员登场,2018-12-22 12:53,0.0
346,//bookcover.yuewen.com/qdbimg/349573/1004879785/150,仙药供应商,糖醋于,都市,一个闭塞的乡村，半座山，几间房，有人不远千里而来，豪车挤满了山间的小路，因为这里有一个年轻人，一副药可医白骨，活死人！,最新更新 第九二八章 雪中修行,2018-12-22 12:38,0.0
347,//bookcover.yuewen.com/qdbimg/349573/1011513739/150,怎么又是天谴圈,诸葛婉君,游戏,偶得吐槽系统，一个被绝地求生诅咒的男人。落地自带天谴圈，洗头全靠轰炸区，资源只有十字弩，载具从来一格油。轰炸如风，常伴吾身。长路漫漫，唯毒相伴。什么？落地98K，枪枪都爆头？什么？,最新更新 第895章：你大哥还是你大哥,2018-12-23 01:00,0.0
348,//bookcover.yuewen.com/qdbimg/349573/1004924229/150,全民武道,鱼儿小小,都市,“宁可站着死，不愿跪着生！”空间试验失败，地球意外联通异世界，蛮神入侵，血祭生灵。企鹅群532597122，完本老书：都市之国术无双,最新更新 第二百三十二章 传法,2018-12-22 22:53,0.0
349,//bookcover.yuewen.com/qdbimg/349573/1011422571/150,妖孽仙皇在都市,傲才,都市,（无敌文）紫薇仙域唯一立于仙道之巅的仙皇萧尘，重回都市，发现了很多有趣的事。曾经他丢下的垃圾功法，被一堆人奉为武道圣典。曾经哭着求着喊他师父的人，成为了人人敬仰的神境强者。萧尘：有,最新更新 第七百零八章 上官明月的师兄！,2018-12-22 22:03,0.0
350,//bookcover.yuewen.com/qdbimg/349573/1011195987/150,太古吞噬诀,玄月飞雪,玄幻,（玄幻经典，每日万更）我有一眼，能让神魔颤栗！我有一剑，可叫血漫九天！,最新更新 第一千五十一章 两种天赋,2018-12-23 10:54,0.0
351,//bookcover.yuewen.com/qdbimg/349573/1004081235/150,独断大明,官笙,历史,他是明光宗第六子，天启朱由校，信王朱由检的六弟，某一天，他觉得不能让朱由检做皇帝，在紫禁城里大喊了一声：我要做皇帝！故事，由此紫禁城开始。独断大明—景阳宫群：177745561。独,最新更新 第1399章 倭国定,2018-12-23 00:59,0.0
352,//bookcover.yuewen.com/qdbimg/349573/1011936212/150,正版修仙,叶恨水,仙侠,联盟历666年，政府要员自神秘遗址内挖掘到一个来自远古时代的残破服务器，苦心破解后得悉在远古时期，人类是宇宙中最强的生物，可飞天遁地，排山倒海，更可强化自身，肉身横渡宇宙。虽修炼之,最新更新 第529章 渣男都是到手之后就不珍惜了,2018-12-23 14:00,0.0
353,//bookcover.yuewen.com/qdbimg/349573/3542798/150,幻想世界大穿越,辰一十一,科幻,当幻想成为现实，天朝少年能否踏上成神之路？拥有穿越异能的陈昂，穿越在幻想世界里。在《永无止境》的世界里，获得超人的智慧，在《超体》的世界里，窥视成神的奥秘，从《笑傲江湖》开始，修行,最新更新 第一百九十六章海王神权，夺位之战,2018-12-22 06:33,0.0
354,//bookcover.yuewen.com/qdbimg/349573/1004078854/150,我老婆是鬼王,羽衣老吴,悬疑灵异,“我老婆就在旁边瞪你呢。”“帅哥真会说笑，旁边哪有人。”傅洋叹了口气：“她是阴司的鬼王……你当然看不见啊。”傅洋很无奈，老婆是鬼王，偏偏爱吃醋。且看他如何痛并快乐着的抓鬼捉妖，一路,最新更新 第2672章 蜀山鬼门的一些秘密（2）,2018-12-22 23:45,0.0
355,//bookcover.yuewen.com/qdbimg/349573/1010582019/150,科技图书馆,孤胆蚂蚁,科幻,科技图书馆：科学的至高境，就是神学；长生不老，飞天遁地，呼风唤雨，移山填海。这些神话传说，科学是可以实现的。想拿这些技术，必须拥有科技图书馆最高权限。一次意外的救人，让陈默收获了爱,最新更新 第494章：里德曼病毒,2018-12-22 23:47,0.0
356,//bookcover.yuewen.com/qdbimg/349573/1013218690/150,我的师父很多,阎ZK,科幻,少年王安风的人生轨迹原本正常而且安稳，心中怀揣着养猪卖仔娶阿莲的究极人生梦想，直到有一天，他捡到了一个奇怪的东西……少林师父：山下的女人是老虎，徒儿你离他们远一点药王谷师父：孩儿，,最新更新 第一百零四章 大秦公主（2\2）,2018-12-23 02:28,0.0
357,//bookcover.yuewen.com/qdbimg/349573/2750457/150,大主宰,天蚕土豆,玄幻,大千世界，位面交汇，万族林立，群雄荟萃，一位位来自下位面的天之至尊，在这无尽世界，演绎着令人向往的传奇，追求着那主宰之路。无尽火域，炎帝执掌，万火焚苍穹。武境之内，武祖之威，震慑乾,最新更新 第一千五百五十一章 邪神陨落（大结局）,2017-07-08 20:49,0.0
358,//bookcover.yuewen.com/qdbimg/349573/1013042416/150,我的工作是花钱,驾雾,都市,实力全靠吹，资金全靠骗！一名会计师的另类发家之旅！======ps：偏现实、神豪日常,最新更新 第258章 被一扫而空,2018-12-23 12:13,0.0
359,//bookcover.yuewen.com/qdbimg/349573/1012995205/150,DNF侵入漫威,海伯伦的君主,二次元,dnf爱好者卢克，重生到了漫威世界，还变成了一个7岁小学生，获得了dnf系统。章鱼罗特斯，自称使徒化身，指引者。属性话痨，腹黑。任务是督促卢克在漫威散布使徒的荣光。直白说，就是入侵,最新更新 第259章 暴怒的金并,2018-12-22 22:05,0.0
360,//bookcover.yuewen.com/qdbimg/349573/1004997217/150,魂帝武神,小小八,玄幻,形意拳宗师萧逸魂穿异界。在这个武者横行的世界，萧逸得逆天武魂，开启了一段碾压当世无数天才，成就魂帝武神的强者之路。粉碎天地，打破苍穹，凌驾诸天万界。（书友群379030553）,最新更新 第一千八百九十七章：再入幻光洞府,2018-12-23 14:21,0.0
361,//bookcover.yuewen.com/qdbimg/349573/1013315824/150,时尚大佬,无双之国士,都市,一个小人物，大梦一场后醒来。他纵横商场所向披靡，他百花丛中过片叶不沾身，他被世人称为时尚圈唯一的教父，他建立起一个堪称伟大的时尚帝国……,最新更新 第二百零一章 意外发生,2018-12-23 12:55,0.0
362,//bookcover.yuewen.com/qdbimg/349573/1012208437/150,武侠之神级捕快,紫衣居士,武侠,携带无字天书降临异世界，从铁裆功开始狂飙神功绝技，降龙掌出十八金龙，小李飞刀刀破虚空，三分归元气霸绝寰宇……这是一个小捕快练最强的武功，战最强的敌人，饮最美的美酒，一路高歌猛进，成,最新更新 第四百零八章 成功,2018-12-23 12:00,0.0
363,//bookcover.yuewen.com/qdbimg/349573/1013033249/150,文道祖师爷,狠拽的吻,玄幻,千元大陆，一个以武立命的世界，武道贯通历史，文道极衰。殷明持文圣人系统，开文气，立文道，一部山海经开创异兽奇闻，一部易经算遍前朝未史……请不要在意开头，并不是本文文风...欢迎大家,最新更新 第四百七十六章 文火滋养,2018-12-23 00:10,0.0
364,//bookcover.yuewen.com/qdbimg/349573/3129273/150,逍遥派,白马出淤泥,武侠,一本《南华经》，一篇《逍遥游》，引出天下功法秘笈无数。一介秀才，得‘药王’指点，修炼返老还童之术，功法逆天。身怀至尊魔功，登魔教教主之位，重现千年魔教之威。魔教圣女，朝廷公主，相门,最新更新 第2783章 借用一下,2018-12-22 23:27,0.0
365,//bookcover.yuewen.com/qdbimg/349573/1009534759/150,王者荣耀之无敌逆天外挂,咬金陪你玩,游戏,刚被女友甩了的陈默意外得到妲己赠送“逆天外挂系统”。嗨氏：“我要举报！对面貂蝉的三技能范围居然有半张地图辣么大！”梦泪：“我要举报，不，我要报警！对面的韩信把我方庄周的鲲偷走了！”,最新更新 第1018章 挂王VS挂神！,2018-12-22 15:36,0.0
366,//bookcover.yuewen.com/qdbimg/349573/1010368052/150,黑科技研发中心,凡核桃,都市,一个位于深山老林中的研发中心，却汇集了全球所有人的目光,只因这里不时流出的一项成果，就引动着全球的神经。让那些有志直播荒野的主播，有了让金属球跟随的希望。那些想去探寻神秘海底的人，,最新更新 第一千零九十章 或许留下，才是真正的开战,2018-12-22 23:14,0.0
367,//bookcover.yuewen.com/qdbimg/349573/1012136018/150,我只是个不用奋斗的小白脸,尘七七,都市,“楚河，拉《二泉映月》给我听。”“好的老婆。”“楚河，我要听你唱纸短情长。”“好的老婆。”“楚河，上来睡觉。”“不好意思，我卖艺不卖身。”叮，来自老婆的愉悦值-10000！哎，我只,最新更新 第503章 背对背洗澡,2018-12-22 22:45,0.0
368,//bookcover.yuewen.com/qdbimg/349573/1012836396/150,修罗帝尊,孤单地飞,玄幻,少年石皓，反夺舍无上强者，得无尽功法、武技、阵法、丹术、符术等秘传，开启了传奇之路。什么天才、什么霸主，在我面前，皆得匍匐。不服者，杀！讨论群，一群：273857096（少量余位）,最新更新 第548章 石族！,2018-12-23 08:19,0.0
369,//bookcover.yuewen.com/qdbimg/349573/1012052441/150,我的女人你惹不起,三千浮世,都市,他是灭绝人性的不死族，他是唯一的无上至尊，他是有着深度洁癖的男人，在他面前装逼的人很多，什么兵王、杀手、系统者、穿越者、重生者、吞噬者、强者回归、强者下山、仙界归来、魔王转世、仙帝,最新更新 第851章 它真的回来了,2018-12-22 23:02,0.0
370,//bookcover.yuewen.com/qdbimg/349573/3607274/150,电影教师,青城无忌,都市,拍出最好的电影，教出最好的学生。我是张然，电影导演，北电老师，我为中国电影代言！（华娱小说，非喜勿入。）,最新更新 第1164章 他是所有人的老师,2018-12-03 23:57,0.0
371,//bookcover.yuewen.com/qdbimg/349573/1012859543/150,大唐不良人,庚新,历史,长安，百鬼夜行；洛阳，阴兵借道；公元649年，天可汗驾崩含风殿，战神病故于卧榻上。一代女皇在灵宝寺内落发出家；大唐神探步入国子监求学。一个属于未来的灵魂，来到了长安城。贞观盛世下，,最新更新 第一百三十五章 沈元和南九郎,2018-12-22 23:56,0.0
372,//bookcover.yuewen.com/qdbimg/349573/1010932039/150,木叶之封火连天,归咎.,二次元,穿越火影世界，成为宇智波一族无足轻重的一员。“我虽微末凡尘，但也心向天空！”我们的目标是：飞上天和大筒木辉夜肩并肩！,最新更新 第九百一十九章 激战,2018-12-23 08:06,0.0
373,//bookcover.yuewen.com/qdbimg/349573/1011797092/150,都市之绝世仙帝,周流星位,仙侠,秦恒，现代地球的修仙者，绝世天才！七岁炼气……十岁返虚……十五岁渡劫飞升成仙！十九岁证道永恒，至高无上，横压诸天，独断万古，号称仙帝！为求更近一步，破碎虚空，却重生成了平行世界的自,最新更新 第五百七十三章 原地爆炸！,2018-12-23 00:58,0.0
374,//bookcover.yuewen.com/qdbimg/349573/1003906942/150,黑暗王者,古羲,科幻,灾难爆发，世界末日。幸存者被铜墙铁壁牢牢包围，在壁内建立新的秩序……权欲，信仰，黑暗互相渗透，层层烙印在人心的各个角落。病毒肆虐，人的本来面目何在？“我不想生存，我想活着。”——杜,最新更新 第一千二百十四章：一天,2018-12-23 12:05,0.0
375,//bookcover.yuewen.com/qdbimg/349573/1012876767/150,说好的末世呢,王袍,科幻,重生到了末世降临的半天前，我花光了所有钱，把一切都准备妥了，还顺手干掉了一个光天化日之下调戏良家妇女的恶少！然而，时间到了，末世没来……,最新更新 第381章 还有完没完了！【3更】,2018-12-23 00:58,0.0
376,//bookcover.yuewen.com/qdbimg/349573/3636470/150,至尊剑皇,半步沧桑,玄幻,古幽大陆，万族林立，一个小镇中的少年，坠崖重生，掀起一场惊动千古的浪潮。,最新更新 第二一零九章 阵眼晶棺,2018-12-23 01:03,0.0
377,//bookcover.yuewen.com/qdbimg/349573/3650657/150,巅峰玩家,孤枫枭寒,游戏,《抉择》是款自由度极高，完全由玩家自行打造个人角色的新时代网游，多阵营战争是游戏的主流，玩家们可以影响阵营发展方向，参与外交政策，主导剧情发展。一名正处在自己游戏巅峰期的玩家试图在,最新更新 1319 首次【斯科拉斯堡夺回战】前的准备工作,2018-12-22 23:53,0.0
378,//bookcover.yuewen.com/qdbimg/349573/1010457704/150,妙手心医,陈家三郎,都市,“林杰先生，作为世界上最年轻的诺贝尔生理学奖获得者，请谈一下您的感想？”林杰看着眼前不时亮起的闪光灯，缅怀道：“在十九岁之前，我只是一个数着日子等死的少年，改变我命运的是那一例手术,最新更新 第997章 讨公道？（求订阅）,2018-12-23 12:06,0.0
379,//bookcover.yuewen.com/qdbimg/349573/1004847674/150,美女总裁的最强高手,断骨殇,都市,【断骨新书《极品妖孽至尊》求支持！】他有绝世功夫，大少公子统统踩在脚下！他有逆天医术，死人都能救活！他还有一双超级神眼，战斗，催眠，样样行！粉丝群:677382696vip群：64,最新更新 第4086章 瑶萱到来（补一更）,2018-12-23 00:42,0.0
380,//bookcover.yuewen.com/qdbimg/349573/1011834128/150,重生1990之隐形富豪,驴蹄千里,都市,因为巨额拆迁款和家人发生冲突，主角从33层高的阳台掉落，摔回1989年的最后一天。重生后的主角怀里揣着房产证，手里拿着两万块钱冲进商场准备大展拳脚，却被九十年代初期的商（菜）场物价,最新更新 第91章 救市鏖战！,2018-12-22 22:47,0.0
381,//bookcover.yuewen.com/qdbimg/349573/1012759010/150,英雄无敌之亡灵法神,怜之使徒,游戏,罗德发现自己进入了英雄无敌的世界中，身上绑定了游戏系统。杀戮、变强，无尽的征战，血与火纷飞……且看罗德能否把握住自己的机遇，成为天下无双的亡灵法神。本书读者群已建，群号58—161,最新更新 第三百二十三章 神怪 二,2018-12-22 23:41,0.0
382,//bookcover.yuewen.com/qdbimg/349573/1003590116/150,美女总裁的极品高手,易继风,都市,他表面上帅气潇洒，是所有男人羡慕嫉妒恨的对象，暗地里却是让各方大佬闻风丧胆的过江龙，一纸婚约，让他重回都市，繁华的都市，如虎如迷的男人，且看他如何铸造自己的传奇！书友群：24177,最新更新 第3555章 未知的永远是最危险的,2018-12-22 23:33,0.0
383,//bookcover.yuewen.com/qdbimg/349573/1013108363/150,一拳正义,毒美人,二次元,一拳世界里的埼玉老师因为某种原因，穿越到了海贼王的世界在这个多彩缤纷而又处处隐藏着邪恶的世界里英雄的存在，给平凡的人们带来了光明正义执行！不论是海贼或是海军任何作恶者，都应该受到制,最新更新 第191章 你说谁是猪啊！,2018-12-23 00:09,0.0
384,//bookcover.yuewen.com/qdbimg/349573/3682865/150,天机之神局,木野狐,悬疑灵异,女娲补天，众所周知，但如果这件事真实发生过，它原本又该是怎样的？祁宇，一个身负家族神秘使命的逗比，不但破解了女娲补天的真相，还发现了其中的阴谋——一个以千年为单位的计划！！这个计划,最新更新 第三十六章 惜言如金的洛柏·又死了两个,2018-12-21 12:50,0.0
385,//bookcover.yuewen.com/qdbimg/349573/1012423178/150,护国公,木允锋,历史,大明崇祯十七年三月十八日，夜，北京，一双不属于这个世界的眼睛睁开了……,最新更新 第三二五章 不见棺材不落泪,2018-12-23 10:40,0.0
386,//bookcover.yuewen.com/qdbimg/349573/1009898799/150,极品全能狂医,韩家老大,都市,一根金针，能救天下人。一根银针，可杀一切敌。逆天医道，惊世战武，揭开一个不一样的世界。,最新更新 第一千九百五十三章 真香,2018-12-22 21:58,0.0
387,//bookcover.yuewen.com/qdbimg/349573/1010808000/150,超级丧尸工厂,雨水,科幻,意外获得一家丧尸工厂，工厂的产品有些骇人听闻。产品琳琅满目：丧尸、舔食者、地狱犬、暴君、追击者、暴君T002型、肉盾、裁决者、母体……将丧尸、地狱犬、舔食者、暴君……等等制造出来，,最新更新 第650章 又被调戏了,2018-12-22 07:00,0.0
388,//bookcover.yuewen.com/qdbimg/349573/1011831862/150,王者时刻,蝴蝶蓝,游戏,才华横溢的前KPL职业选手何良，拥有一段令人失望的职业生涯，最终黯然退役。一直在其背后默默支持着他的弟弟何遇不忿哥哥职业生涯期间的遭遇，决心重走哥哥的职业路。观看过无数王者荣耀职业,最新更新 第二十四章 对阵花容,2018-12-19 18:19,0.0
389,//bookcover.yuewen.com/qdbimg/349573/2939492/150,执魔,我是墨水,仙侠,师父说，上了手的女人，就要一生一世保护好。师父说，修魔很难，一入魔道永不回头。师父说，天圆地方，那圆是圆满，那方是心的棱角，是对命运的忤逆，是对天的不顺从。我的师父叫做宁凡，他不是,最新更新 第1239章 大修之下第一仙！（一）,2018-12-12 11:55,0.0
390,//bookcover.yuewen.com/qdbimg/349573/1005405437/150,老衲要还俗,一梦黄粱,都市,人间百态，万千神通，不过一山，一寺，一和尚而已。新书：《兔子必须死》于6月1日开始更新，喜欢黄粱的朋友，可以去看看哦。,最新更新 第4章 刀叉,2018-12-04 09:41,0.0
391,//bookcover.yuewen.com/qdbimg/349573/1011862528/150,最强红包皇帝,侠扯蛋,玄幻,叮！红包开启成功！获得神器一把！叮！获得抽奖轮盘，开始抽奖！西门昊，带着异界红包系统穿越到天擎大陆，庆国的大皇子身上，开始开了挂般的皇权之路！功法、符箓、丹药、神仙？妖怪？统统到朕,最新更新 第1195章 终于撕破脸了！,2018-12-23 00:15,0.0
392,//bookcover.yuewen.com/qdbimg/349573/1007107977/150,凌天剑神,竹林之大贤,武侠,武林第一天才凌尘，因宗门遭逢大变而修为尽废，武功全失。在命悬一线之际，凌尘偶得武林神功《凌天剑经》，废脉重修，从此通剑道，凝剑心，悟剑意，终成一代剑神！已有长篇完本作品《剑之帝皇》,最新更新 第一千五百八十九章 高级弟子,2018-12-23 00:57,0.0
393,//bookcover.yuewen.com/qdbimg/349573/1010692237/150,美女总裁的超品高手,一念风雨,都市,他是豪门弃少，也是华夏最神秘部队的总教官，更是暗黑世界的王者—幽冥神殿的殿主！本欲回归都市平静生活，却不料风云再起，阴谋重生！且看苏晨如何一步步揭开真正的身世之谜，踏上巅峰之路！,最新更新 第一千三百六十五章 天音宫,2018-12-23 12:49,0.0
394,//bookcover.yuewen.com/qdbimg/349573/1009398284/150,逆流纯真年代,人间武库,都市,时光是一艘航船，有人喜欢把90年代初的那几年，视为曾经那个纯真年代的最后一程。岁月更迭中早已不再单纯的江澈，逆流归来，重启1992,书写一场终于可以被妥善安放的璀璨青春。【欢迎加入,最新更新 新书一不小心上传了,2018-12-06 20:35,0.0
395,//bookcover.yuewen.com/qdbimg/349573/1009861243/150,萌神信徒,突然光和热,游戏,这是一个信仰诸神的世界，这里有百万神灵，神灵的力量涉及方方面面。一个《地下城与勇士》的圣职者玩家，带着圣职者的技能来到了这个世界，随后他创建了一个教会，萌神教。PS：已经有鬼剑士职,最新更新 第614章 永夜大典,2018-12-22 22:01,0.0
396,//bookcover.yuewen.com/qdbimg/349573/3308087/150,传奇缔造者,临河羡鱼翁,体育,“nba的一半是乔丹，剩下的一半属于其他人？不好意思，这是我以前说过的话，在他进入联盟之前是这样，但是现在不是了。”－－魔术师约翰逊“我只是来这里看谁能够得到第二名的，我没有参加比,最新更新 第539章 考察国家队,2018-12-22 22:21,0.0
397,//bookcover.yuewen.com/qdbimg/349573/3621897/150,真武世界,蚕茧里的牛,玄幻,卷入了三十三天所有巅峰强者的一场浩劫，人皇与他的对手最终一战，打碎了深渊世界，曾经封镇深渊魔王的神器，一张神秘的紫色卡片，却消失在时空漩涡中，横穿无尽的时空。辽阔的蛮荒，武道文明还,最新更新 第一千六百一十六章 突破,2018-12-23 06:24,0.0
398,//bookcover.yuewen.com/qdbimg/349573/1013293631/150,我就是能进球,不吃小南瓜,体育,把妹全凭嘴，进球全靠蒙。我是那个站在足坛巅峰的男人！喜欢我的人很多，嫉妒我的人更多。他们给我取了很多外号：进球终结者、博爱超人、小裤狂魔，有好的、有坏的，但我最苦恼的事，就是颜值太,最新更新 第一百六十章 回信是个繁重的工作,2018-12-22 23:33,0.0
399,//bookcover.yuewen.com/qdbimg/349573/1012928559/150,我不是超级警察,我唐,都市,“我不是超级警察，我只是警界传说！”警校毕业生肖然有个小目标，成为世界上最好的警察，于是就这样实现了……PS：群（949636533），欢迎入群讨论！,最新更新 151、我不是！我没有！别乱想啊！,2018-12-22 23:23,0.0
400,//bookcover.yuewen.com/qdbimg/349573/3636556/150,我的魔法时代,海逸小猪,奇幻,当我醒来的时候看见自己居然躺在颠簸的雷霆独角犀的背上，看到延绵几公里长的商队在缓慢前进，那一头头如同三层小洋楼高的雷霆犀喘着粗气，身上驮着小山一样的货物前行，我的心中犹如一万匹草泥,最新更新 270.北风军团的斥候,2018-12-22 23:41,0.0
401,//bookcover.yuewen.com/qdbimg/349573/3373635/150,乾坤剑神,尘山,玄幻,景言曾是景家最优秀的天才，十六岁突破武道九重天踏入先天之境，整个东临城无人能比，却莫名其妙在进入神风学院后境界跌落，成为笑柄。解开乾坤戒封印，重新崛起，最终制霸天元大陆，成为无数武,最新更新 第3415章 造极舍利,2018-12-22 23:19,0.0
402,//bookcover.yuewen.com/qdbimg/349573/1003470432/150,九天神皇,叶之凡,玄幻,【玄幻至尊爽文】战神大陆，天骄无数，一路杀伐果断，横扫九天，成就无上神皇。……【叶之凡出品，必属精品，已有640万字火爆完本老书《七界武神》，信誉保证！】,最新更新 第1080章 计划,2018-12-23 00:05,0.0
403,//bookcover.yuewen.com/qdbimg/349573/1010504143/150,惊天剑帝,帝剑一,玄幻,【火爆玄幻，热血爽文】一代少年英豪，逆天崛起，踩天骄，战群雄，诛群魔，灭众神，一路逆战，成就绝世剑帝！“这个世界，注定要在我的脚下瑟瑟发抖！”,最新更新 第2269章 八人全斩！剑指古家！（5更）,2018-12-22 16:42,0.0
404,//bookcover.yuewen.com/qdbimg/349573/1011833053/150,氪命玩家,半纸情书0,都市,陈景乐：“我愿意用50年寿命换个金手指！”“叮~您的系统已上线。”陈景乐：“……”等等，现在后悔还来得及么？,最新更新 第四百五十五章 浪漫？不存在的！,2018-12-23 00:35,0.0
405,//bookcover.yuewen.com/qdbimg/349573/3360270/150,逆剑狂神,一剑清新,玄幻,【一剑逆天，狂神归来！】一个不屈少年，一道龙魂剑影，一段不朽传奇。帝路争雄谁为峰，唯我林轩傲苍生！,最新更新 第6031章 强！,2018-12-23 14:27,0.0
406,//bookcover.yuewen.com/qdbimg/349573/1004078009/150,终极小村医,箫声悠扬,都市,（火爆热书）本是村子里唯一一个大学生的龙小山被人陷害入狱，风华正茂之年回归小山村，小小农民身怀玄门医术，又偶得逆天灵宝，看他如何打出一片大大的天下！,最新更新 第一千九百零七章 示威,2018-12-23 14:06,0.0
407,//bookcover.yuewen.com/qdbimg/349573/1012285466/150,哈利波特之我是传奇,纠结于名,奇幻,霍法来到了哈利波特的世界，满心欢喜的他以为可以一睹传奇巫师真容，调戏正太萝莉。然而他却发现自己来到了1938年！成为了伏地魔的同学，邓布利多的学生。我的赫敏呢？我的铁三角呢？不存在,最新更新 58，向死而生,2018-12-03 22:24,0.0
408,//bookcover.yuewen.com/qdbimg/349573/1012916917/150,全能科技巨头,昭灵驷玉,科幻,在一个稀疏平常的夜晚，叶华意外获得了浩如烟海般划时代的超级科技知识，从此走上科技创业之路，在全球科技界和商界不断掀起一股股汹涌的大浪潮……Ps：近未来都市+黑科技创业书友群：838,最新更新 第326~327章：利益之大不可想象，高科技之争不可避免,2018-12-23 00:05,0.0
409,//bookcover.yuewen.com/qdbimg/349573/3622979/150,系统之乡土懒人,乡土宅男,都市,遭村人嫌弃的懒人叶荣耀非常幸运地获得神奇的“懒人系统”，从此不但种地、养殖十里八乡无人能比，竟然还会看病、会武功、会厨艺……，一个神奇的乡土懒人的神奇的传奇就这么诞生了……,最新更新 第两千五百一十章 “这个你不懂！”,2018-12-23 00:37,0.0
410,//bookcover.yuewen.com/qdbimg/349573/1005774429/150,最强齐天大圣,漂泊的黑猫,科幻,因睡了校花，被割断手筋脚筋，绝望之际，融合齐天大圣孙悟空的记忆。从此逆天崛起，一发不可收拾。非洲某军阀：我想再活五百年，您看……某爱国将士：米国的万磁王太嚣张了，又毁了我们200颗,最新更新 第1534章 圣王来袭！,2018-12-21 21:17,0.0
411,//bookcover.yuewen.com/qdbimg/349573/1003586227/150,王国血脉,无主之剑,奇幻,低贱卑微的乞儿，神圣尊贵的王子，举世皆敌的怪物——如果你同时具备三种身份，选择哪个会比较幸福？泰尔斯没有答案。他只知道，自己来到的是波澜壮阔的异世，面对的是噩梦难度的未来：荣耀的帝,最新更新 第188章 重生（中）,2018-12-07 06:47,0.0
412,//bookcover.yuewen.com/qdbimg/349573/3439785/150,修真四万年,卧牛真人,科幻,“倘若这宇宙，真是一片残酷血腥的黑暗森林，我们修真者，也会燃烧自己的生命，绽放出微弱的火花！”“哪怕这火花再微弱，再短暂，再渺小，可是只要我们源源不断，前赴后继，终有一日，火花会点,最新更新 韩特传（五）所谓“幸运“,2018-11-13 12:20,0.0
413,//bookcover.yuewen.com/qdbimg/349573/1001827159/150,侠行天下,zhttty,武侠,武侠从没死去，侠，一直都在心中，侠不一定非得是封建社会，甚至不一定得是有门派，有江湖，侠，其实是我们的梦，那种路见不平，拔刀相助，那种十年磨一剑的梦。这本书的开始，就叫作十年一剑，,最新更新 第三十六章：第二梯队的大总攻,2018-12-22 17:41,0.0
414,//bookcover.yuewen.com/qdbimg/349573/1003630241/150,修炼狂潮,傅啸尘,玄幻,这是一个科学与武道并重的时代，大灾变之后，人类发现了超古代修炼文明，开启了一个大修炼时代，并开始了昆仑界的殖民之路！这是一个人类危机重重，同时也是一个热血沸腾的，强者辈出的时代！得,最新更新 第两千三百八十章 三年讲道，十年闭关,2018-12-22 23:14,0.0
415,//bookcover.yuewen.com/qdbimg/349573/1010377890/150,茅山遗孤,晓v俊,悬疑灵异,一把桃木剑，一个罗盘，一把朱砂，斗恶鬼，捉僵尸，茅山遗孤，修炼传承道法，在走风云江湖。茅山群号：327812766茅山执事群：694579365（不喜欢企鹅的，可以先进来，拉微信群,最新更新 第1822章：缓兵之计,2018-12-23 00:08,0.0
416,//bookcover.yuewen.com/qdbimg/349573/1012829588/150,神血战士,银霜骑士,奇幻,吞服血兽血液，以血兽为蓝本，获得异能，但不仅限于异能。骑士粉丝群835732045，有兴趣的可以加加。,最新更新 第二百六十八章 再遇红翼佣兵团,2018-12-23 12:00,0.0
417,//bookcover.yuewen.com/qdbimg/349573/1012336405/150,修真大工业时代,试剑天涯,仙侠,穿越到修真盛世，本当修仙法、觅长生；不想却被逼着玩工业。好吧，都说科学的尽头是神学，不知在这个世界，是否可以触摸到科学的尽头？（已有近400万字的《半仙文明》和500多万字的《仙域,最新更新 第五一四章 瓜分逍遥派？,2018-12-23 11:11,0.0
418,//bookcover.yuewen.com/qdbimg/349573/2866988/150,无敌天下,神见,玄幻,强者，永远都是寂寞的，只有战胜寂寞，才能无敌天下！地球少林世家亲传弟子黄小龙携带华夏无上武学秘典《易筋经》莫名穿越到了武魂世界。武魂世界，体内拥有武魂才能修炼斗气成为一名战士，而原,最新更新 第三千五百二十二章 因为我就是星龙宇宙,2018-12-22 20:36,0.0
419,//bookcover.yuewen.com/qdbimg/349573/1010259609/150,我是仙凡,百里玺,仙侠,仙侠和种田结合。一名少年无意打开灵台，识海发现方寸灵山。从此种仙稻，养灵药，开洞府，开辟一片桃源仙境，踏上修仙之路。-------------------百里玺官方粉丝群：3328,最新更新 513 劫来！万城空巷！,2018-12-22 20:04,0.0
420,//bookcover.yuewen.com/qdbimg/349573/1012346649/150,全球巨星从练习生开始,愤怒猕猴桃,都市,陈敏昊发现自己穿越到平行世界的华夏，还成为了一名偶像练习生。他凭借自身努力驾驭智商、情商、颜值三辆马车，从练习生一步步成为流量明星，最后成为征服全球唱演两栖的全球巨星。书友群：82,最新更新 第290章 墨菲定律,2018-12-22 08:25,0.0
421,//bookcover.yuewen.com/qdbimg/349573/2597043/150,惊悚乐园,三天两觉,游戏,这是超越维度的游戏。亦是追寻真理的竞逐。未知的封印，鬼神的赌局……数据的抗争，人类的救赎……在那个连接着现实的虚拟世界——意识决定我们，意识选择我们，意识决定了我们的意识。现在，丢,最新更新 完本感言,2017-11-28 02:38,0.0
422,//bookcover.yuewen.com/qdbimg/349573/1010537198/150,游戏之狩魔猎人,阡之陌一,游戏,我不渴求富有和名望,地位与权利我想要一匹漆黑如夜快如疾风的骏马我想要一把亮如月光的利剑.我要在夜晚骑着我的黑马我要用手中的利剑斩尽邪恶.这便是我心中所求！—————————————,最新更新 第八百七十五章 我要学炮！,2018-12-22 23:54,0.0
423,//bookcover.yuewen.com/qdbimg/349573/1012017997/150,女权世界的真汉子,二次元的土豆,二次元,张浩看完百年难得一见的血月后昏倒，醒来后发现整个世界都变了……男女属性还有观念完全颠倒，女嫁男变成男嫁女，女方还要付礼金。女人赚钱养家，男人在家当家庭主夫已经变得十分正常，没车没房,最新更新 第四百四十章 你这么帅让我们这些女的怎么混？,2018-12-23 10:58,0.0
424,//bookcover.yuewen.com/qdbimg/349573/1012459684/150,不聊斋,陈留堂,仙侠,我有剑三尺，寒锋出鞘，敢问天下不平事；我有笔一支，浓墨入骨，能写春秋分曲直！——读者书友群：213142008，恭候大驾！,最新更新 第三百零九章：交易,2018-12-22 23:26,0.0
425,//bookcover.yuewen.com/qdbimg/349573/1010537314/150,重生之我是我二大爷,蠢蠢凡愚QD,都市,别人家的穿越要么是言情剧，要么是励志剧。李宪发现自己的穿越很别致......是伦理剧！,最新更新 第566章：,2018-12-22 23:55,0.0
426,//bookcover.yuewen.com/qdbimg/349573/1010766670/150,我被系统托管了,木恒,科幻,系统有了，身体却没了，重度拖延症晚期患者方宁开始了自我救赎（苟且偷生）之路。作品讨论群号：294035360VIP群号：我被系统托管了ⅤIP群，群聊号码：726249167有意见联,最新更新 第八百四十四章 祸福自招,2018-12-22 23:12,0.0
427,//bookcover.yuewen.com/qdbimg/349573/2048120/150,武动乾坤,天蚕土豆,玄幻,修炼一途，乃窃阴阳，夺造化，转涅盘，握生死，掌轮回。武之极，破苍穹，动乾坤！……东方英雄传奇大剧《武动乾坤》8月7日登陆优酷视频和东方卫视周播剧场。由张黎执导，杨洋、张天爱、吴尊、,最新更新 新书大主宰已发。,2013-07-03 11:18,0.0
428,//bookcover.yuewen.com/qdbimg/349573/1012592254/150,网游归来当奶爸,不泄,二次元,从网游世界归来，竟然携带了网游里面的战斗力以及所有副职业，从此踏上了全职奶爸的道路。“爸爸，你做的小人真好看！”“必须的！”“爸爸，你表演的魔术真好看！”“那必须的！！！！”“爸爸,最新更新 第四百四十章 有点装【第三更】,2018-12-23 02:29,0.0
429,//bookcover.yuewen.com/qdbimg/349573/1009915979/150,东京警事,虫草田十,都市,刑警林修因公殉职魂穿到了日本警察林修一身上，从此开启了一场异国执法生涯。书友群：248502631,最新更新 第74章 摊牌,2018-12-23 13:55,0.0
430,//bookcover.yuewen.com/qdbimg/349573/1010242566/150,电影世界穿梭门,龙升云霄,科幻,那一天，一道天雷劈下，王旭没有穿越，他家的大门穿越了。电影，电视剧，动漫，小说，远古神话，这里有无尽的时空，也意味着无尽的可能....普通群：260616572《无加入要求》vip,最新更新 第1049 黄飞虎魂归九天,2018-12-22 23:57,0.0
431,//bookcover.yuewen.com/qdbimg/349573/1012495547/150,封神问道行,莫问初心,仙侠,这是一个在封神世界，成了申公豹徒弟后的故事。——群:275057332，欢迎大家到来,最新更新 第298章 杨戬被吃了？,2018-12-22 23:56,0.0
432,//bookcover.yuewen.com/qdbimg/349573/1013288364/150,我的奶爸人生,儿童团团员,都市,人人都做梦，但是方圆做了一个特别的梦，梦里的一切都出现在现实当中。《养猪三百问》——教你如何科学养猪、如何让猪懂你、和猪的正确交流姿势。《农用机构造原理与维修》——专修拖拉机三十年,最新更新 第一百六十三章 儿童教育,2018-12-23 00:26,0.0
433,//bookcover.yuewen.com/qdbimg/349573/3348326/150,最强兵王,丛林狼,军事,【特种兵第一神书】最强兵王，虎视群雄，为国而战，为民出鞘，只有站死，绝不跪生，无怨无悔！这是一本男人的书！这是一部热血的故事！,最新更新 第4040章：新的征程（大结局）,2016-12-31 08:00,0.0
434,//bookcover.yuewen.com/qdbimg/349573/1009526658/150,野性为王,过宽,都市,野性：飞禽走兽、花鸟鱼虫。牵着两只胖熊猫上春晚给大家拜年，让华夏人民记住了“纪安”的名字。一张光膀子围兽皮，在塞伦盖蒂大草原上与狮同行的照片，让他火遍全世界。跟猩猩摔跤，卧底狼群、,最新更新 第七百三十章 兽语十级,2018-12-22 23:47,0.0
435,//bookcover.yuewen.com/qdbimg/349573/1012447253/150,天下珍藏,烛,都市,地球至今，已经有四十六亿年历史，而人类文明的起源，有文字、图画记载，只不过七八千年而已，只占人类史的百分之一。在这漫长的岁月中，一些神奇的东西，一些神秘的宝藏，一些或许存在又莫名消,最新更新 第532章 游击战,2018-12-22 22:18,0.0
436,//bookcover.yuewen.com/qdbimg/349573/1012807503/150,咸鱼的自救攻略,貌似高手,都市,2018年1月，楚垣夕一觉醒来发现自己穿越到平行世界的自己身上了，一脸懵逼。原本的世界中，他在2014年辞职创业，两次踏中潜在风口，四年里三掷千金，已经跃升为互联网新贵。而在这个平,最新更新 第三百二十六章 周敏溪的首播,2018-12-23 11:50,0.0
437,//bookcover.yuewen.com/qdbimg/349573/1011126016/150,超级母舰,空长青,科幻,渔民少年聂云意外融合了高等文明机械虫，开启了从小渔船到超级母舰的华丽蜕变之路！聂云：“目之所及，尽是渔场！让我们开始征服星辰大海吧！”Q群：702875832,最新更新 第四百四十九章 超级肉鸡,2018-12-23 01:42,0.0
438,//bookcover.yuewen.com/qdbimg/349573/1003598711/150,神级农场,钢枪里的温柔,都市,遭遇人生低谷的夏若飞意外发现祖传画卷中竟内含乾坤，自带一方独立的小空间。空间里有促进植物生长的灵潭水，有医治百病的神秘灵花，还自带十倍时间流速，栽什么都是精品，种什么都长得飞快，养,最新更新 第一千一百四十八章 多管齐下,2018-12-22 23:36,0.0
439,//bookcover.yuewen.com/qdbimg/349573/1012999718/150,最强无敌熊孩子,忧伤中的逗比,二次元,【火热新书】秦小天穿越了！穿越成了一个屁大点的熊孩子，不过没关系，我有系统我牛逼。宇宙无敌吞噬系统吞噬一切，吃丹药，吃法宝，吃妖兽，吃天吃地吃空气。领悟各种叼咋天的技能。吊打一切，,最新更新 第两百九十五章 一开始就很刚,2018-12-22 23:59,0.0
440,//bookcover.yuewen.com/qdbimg/349573/1011393337/150,黑龙法典,欢声,二次元,当你凝视深渊的时候，深渊会反手给你一记反物质能量湮灭炮。一头魔法无能的黑龙在异世界搅风搅雨的故事。——讨论群：829630178,最新更新 第三百九十六章 婚礼（一）,2018-12-23 00:33,0.0
441,//bookcover.yuewen.com/qdbimg/349573/1010923364/150,荒野直播之独闯天涯,逆流的沙,武侠,一个会武术的落魄写手，意外获得荒野直播系统，随后的人生就开始不一样了！家乡青峰山，系上红领巾，一起追忆童年的记忆。长江三峡，逆流而上，在里程碑刻下战绩！神农架，在中华屋脊，极限生存,最新更新 第459章：龙灯大草原【一更】,2018-12-22 23:45,0.0
442,//bookcover.yuewen.com/qdbimg/349573/1010932837/150,法师网,星天萤火,科幻,一神一信仰，一界一法师……我就是这世界上唯一的法师。企鹅群：717179847,最新更新 晚上更两章,2018-12-23 09:00,0.0
443,//bookcover.yuewen.com/qdbimg/349573/1012834963/150,明星聊天群,入梦天机,都市,秦洛意外加入一个聊天群，里面全都是国内当红二线、一线、超一线明星！有听歌一曲绕梁三日的超一线天后；有集美貌与演技于一身的一线优质女演员；有誓要成为小品王的男人的新生代小品扛把子；有,最新更新 第478章 原来杰哥和秦洛才是真爱（第二更）,2018-12-23 12:00,0.0
444,//bookcover.yuewen.com/qdbimg/349573/1013232100/150,崛起复苏时代,极地风刃,都市,灵气复苏，物种秩序破裂，人类是否还能站在生物链的顶端，这是一次艰难的考验。（已有完本老书《都市至强者降临》，大家可以看一下。）本书书友群950996381，有兴趣的书友可以加一下。,最新更新 第三百一十三章 大争夺,2018-12-23 13:22,0.0
445,//bookcover.yuewen.com/qdbimg/349573/1012740380/150,异世界聊天室,顺岑sc,二次元,顺岑看了看群内现在的成员。“满二十个人就开启异世界VPN了啊，再多进来点人吧...”空白、黑猫、飞鼠、灵梦、晓美焰、凤凰院凶真、布鲁克、黑崎一护、五河琴里、史蒂夫等等...奎托斯：,最新更新 第二百八十章 选择,2018-12-22 17:00,0.0
446,//bookcover.yuewen.com/qdbimg/349573/1004132242/150,魔法种族大穿越,残酷厕纸天使,科幻,法爷为何修真？地精因何舞光剑？凝聚神格+四九天劫=What？自晶壁破裂，‘轮回殿’坠落物质位面以来，恶魔猖獗，天下纷争，魔鬼、亡灵、巨龙接踵而起，诸神失格，苍生涂炭。主位面有累卵之,最新更新 第1517章 全面围殴：硬肝大宗师！（二合一大章）,2018-12-22 23:58,0.0
447,//bookcover.yuewen.com/qdbimg/349573/1012447510/150,晚钟教会,狂猎,奇幻,B格简介：风暴般的长枪划破天际，亡灵与狼群追随其后。悠远的钟声与冷冽的死亡如影随形。听到那晚钟之声了么？它在宣告汝之死亡。直白简介：一个由魔女，女术士，吸血鬼，不死人等异端组成的教,最新更新 0380章 丘丘人,2018-12-22 23:01,0.0
448,//bookcover.yuewen.com/qdbimg/349573/1005305925/150,娱乐之唯一传说,呆萌小苏,都市,记者：“你的音乐横扫歌坛，电视剧全民热议，电影反攻好莱坞。网友们都说你是娱乐圈唯一的传说，请问你自己怎么看？”苏落云淡风轻：“浮名而已，其实我只想有一所房子，面朝大海，春暖花开。”,最新更新 请假,2018-12-23 00:20,0.0
449,//bookcover.yuewen.com/qdbimg/349573/1009589402/150,重生最强妖兽,孙大猴,玄幻,【系统流爽文】古有黑蟒，百年后化腾蛇，千年后变蛟，万年后化龙，可遨游九天十地，统领六合八荒。三千年前，人族仙尊林昊斩妖无数，却遭逆徒暗算，被人族围攻致死。三千年后，林昊重生于一条黑,最新更新 第1289章：万妖学院的争论,2018-12-23 01:59,0.0
450,//bookcover.yuewen.com/qdbimg/349573/3681683/150,重生日本高校生,李童,都市,李学浩在族谱的封皮中找到一本修道秘笈，花了十年时间终于筑基成功，不料急于求成之下走火入魔，身死之后重生到了日本的横滨市，附身于一个刚升入高中的高一学生身上……PS1：Q群，3336,最新更新 第1825章 变态的原因，甜蜜的喂食！,2018-12-22 23:05,0.0
451,//bookcover.yuewen.com/qdbimg/349573/1012362001/150,大时代1994,柳岸花又明,都市,万贯家财的地产商意外重生1994，在这个激昂年代里，熊白洲崛起草莽之间，阅遍世间芳华，千帆过尽，俱留枭雄本色。群号：601246758,最新更新 351、江湖新势力,2018-12-22 19:18,0.0
452,//bookcover.yuewen.com/qdbimg/349573/1010834962/150,重启全盛时代,喷火萌,都市,一名躁郁症患者在讨厌的半岛一边撩妹撕逼舔香菜一边病愈崛起祸害人的泼水事~,最新更新 第六十三章、天不生王太卡，无耻万古如长夜！,2018-12-22 22:01,0.0
453,//bookcover.yuewen.com/qdbimg/349573/1012726740/150,海贼之文虎大将,药石可医,二次元,“哥尓D罗杰，你接下来的举动，会掀起一个混乱的时代，造成民不聊生，海贼祸乱的局面，你确定要如此做？”“世界破坏者瓦尔多，你的罪行，已不需要任何的宽恕与容忍，死亡是你唯一的下场！”“,最新更新 第二百六十二章 我来断后,2018-12-22 21:15,0.0
454,//bookcover.yuewen.com/qdbimg/349573/3689120/150,神武战王,张牧之,玄幻,众神大战，胜负不分，只留下千疮百孔的天地。千万年时光，战神之魂在废墟中建立起新世界。九世轮回，一心一意，只为一个信念。少年手持青锋，仰望星空深处。妖、魔、邪……胆敢染指这片世界的人,最新更新 第三千八百三十二章 世界的男人,2018-12-22 19:59,0.0
455,//bookcover.yuewen.com/qdbimg/349573/1012918439/150,最后一个契约者,夜南听风,二次元,【动漫无限流】这是一个不一样的主神空间，这是一个不一样的轮回世界，这是一个不一样的无限故事。当空间崩溃，只剩下唯一一个契约者的时候，他将在无限的动漫世界为所欲为。契约者、轮回者、游,最新更新 第三章 归来【第四更】,2018-12-22 18:33,0.0
456,//bookcover.yuewen.com/qdbimg/349573/1013308515/150,文娱大崛起,梦小兵,都市,张明一觉醒来，发现自己穿越了，正坐在《蒙面歌王》的后台，即将轮到他登台演唱。这是什么操作？还好，随身携带着一个“百科全书”。这下牛逼大发了。且看张明如何在这个韩娱侵蚀，本土明星娘炮,最新更新 第231章 合作，达成！,2018-12-23 12:05,0.0
457,//bookcover.yuewen.com/qdbimg/349573/1011967233/150,雷霆之主,萧舒,武侠,我是雷霆之主！携一方残缺雷印转世重生于武学昌盛的世界，手执雷印，天地至尊！,最新更新 第832章 将破（二更）,2018-12-23 10:25,0.0
458,//bookcover.yuewen.com/qdbimg/349573/1013048742/150,我停在这二天,二日天王,都市,重启48小时，你想干什么？你能干什么？你要干什么？周平的人生，从一觉醒来后，改变了！是迷茫还是疯狂，是高尚还是堕落……都会停在这二天！或者，是下一个二天……《疯狂二日》群：9243,最新更新 283、我这人比较喜欢热闹,2018-12-23 12:00,0.0
459,//bookcover.yuewen.com/qdbimg/349573/1011198239/150,漫漫诸天,朝不保夕,玄幻,在功夫世界脱胎换骨；在阳神世界修阳神仙道；在遮天世界开辟苦海修炼仙台；在完美世界，融万法、创古经，顺便还种下了一棵小柳树......一沙一世界，一叶一天堂，漫漫诸天路，一念即永恒！,最新更新 第一百零六章 新天庭，新气象！,2018-12-23 11:26,0.0
460,//bookcover.yuewen.com/qdbimg/349573/1013036764/150,我死党穿越了,白胡子徐提莫,都市,我叫李尧，我现在慌得一批。我收到了已故死党发来的信息，虽然她是个跟我玩的很好的妹子，长得也很俊，可该慌还是要慌的。后来死党说她穿越了，还成了法师……不知道为什么，我脸上的笑容逐渐扭,最新更新 第210章 爷会飞！（第一更，求订阅！）,2018-12-22 22:56,0.0
461,//bookcover.yuewen.com/qdbimg/349573/1013064178/150,神灵狩猎计划,沁纸花青,仙侠,在妖魔与人类之间长达二十年的第二次世界大战结束之后，地球上的“人们”迎来短暂和平。整个世界被由“亚细亚共和国”所主导的人类阵营与“亚美利加合众国”所主导的妖魔阵营瓜分。在核武器、高,最新更新 第一百三十八章 部长的愤怒,2018-12-22 23:45,0.0
462,//bookcover.yuewen.com/qdbimg/349573/1011817068/150,神级工业主,五彩贝壳,都市,重生了，回到20多年前的唐飞重新开始，抓住共和国制造业发展的黄金时期，从小到大，从无到有，涉及轨道交通，新能源，重工业装备，甚至芯片。一家庞大的制造集团渐渐的出现在了国际舞台上，让,最新更新 第672章 会订购多少列动车组,2018-12-22 22:23,0.0
463,//bookcover.yuewen.com/qdbimg/349573/1004869448/150,诡三国,马月猴年,历史,没有系统，没有老爷爷，没有推土机，没有集邮癖，只有一个小职员，无财无权无势，一步步的在三国各路牛人间披荆斩棘！枭雄还是英雄，美女还是江山，阴谋还是阳谋，王道还是霸道？慢慢一路走三国,最新更新 第1232章 当关之夫,2018-12-22 20:00,0.0
464,//bookcover.yuewen.com/qdbimg/349573/3452145/150,天启之门,跳舞,都市,【NPC蹂躏玩家！吊打穿越者！】我的世界我做主！哪里轮到你们这些魂淡来作威作福？！走上【史上最强救世主】的道路，注定充满了刺激！……陈小练：从今天开始，一个宗旨为抵抗那些魂淡的抵抗,最新更新 第七百章 【会在乎么？】,2018-12-05 19:10,0.0
465,//bookcover.yuewen.com/qdbimg/349573/1011658552/150,本港风情画,凋零树,都市,1983年的香江，这是风情躁动的城市，放飞梦想的年代，陈维云渡海而来，以电影的方式展现人生的精彩。,最新更新 474、全线代言,2018-12-23 13:47,0.0
466,//bookcover.yuewen.com/qdbimg/349573/1003307002/150,机破星河,当年离歌,科幻,梦想是……有实力的人才能谈论的现实。这是一个天才辈出的时代！这是一个英杰遍地的时代！贵族与平民的激烈冲突，联邦与帝国的明争暗斗，蠢蠢欲动的域外……当真理就在战舰巨炮射程之内，秩序无,最新更新 完本感言——碎碎念,2018-12-12 23:46,0.0
467,//bookcover.yuewen.com/qdbimg/349573/1012030950/150,大侠给跪,十八大师,玄幻,你的手指变成了金手指。你用金手指触摸了九阴真经秘籍，你学会了九阴真经。你用金手指触摸了降龙十八掌秘籍，你学会了降龙十八掌。你用金手指触摸了葵花宝典，你学会了葵花宝典。为了变的更强，,最新更新 第五百八十四章 超级抖M,2018-12-22 17:00,0.0
468,//bookcover.yuewen.com/qdbimg/349573/1012366169/150,如来必须败,鸟云,仙侠,祖师慈眉善目的看着石猴。“悟空，你想从我这里学些什么？”“但凭师傅教诲。”石猴恭敬的回答：“只要能揍扁如来就行了。”一百年后，石猴打败如来，登基成了玉帝。——恶搞轻松向，考究党、卫,最新更新 地三百二十九张：这天下，便交给你了,2018-12-22 22:38,0.0
469,//bookcover.yuewen.com/qdbimg/349573/3687209/150,帝国的崛起,终极侧位,历史,穿越者站在新天鹅堡的露台上，遥望着柏林的方向。那里是帝国的中心。“总有一天，我会让世界都知道，普鲁士不等于德国，当霍亨索伦家族无法让这个帝国崛起的时候，就让南德接过他们的责任和荣耀,最新更新 第2443章 起风了 1,2018-12-23 08:48,0.0
470,//bookcover.yuewen.com/qdbimg/349573/1012071204/150,变声大佬,月下行人,二次元,在这个变声器流行的时代里，你永远不知道语音另外一头的人，到底是什么。你以为会嘤嘤嘤的是妹子？你以为会在游戏里喊你老公的是个女生？你以为会穿上女装的就会是女孩子？……沈言，某个非著名,最新更新 第416章 歌王！（求订阅）,2018-12-22 23:07,0.0
471,//bookcover.yuewen.com/qdbimg/349573/1013302122/150,涅槃2008,小伈,都市,杨磊重生回到2008年，靠卖运动内衣挖到第一桶金，进入运动鞋和运动服产业，逐个战胜锐步，阿迪达斯，耐克，成为世界运动品牌霸主。…………书名虽然有点挫，先活下来再说。十字箴言要牢记：,最新更新 225【累垮了】3更,2018-12-23 00:03,0.0
472,//bookcover.yuewen.com/qdbimg/349573/1003576898/150,开挂闯异界,王不偷,玄幻,【全球首发，腾讯重点推荐必读书目，精品榜排名第二！】异界无敌外挂1.0版：离线挂机修炼、完美战斗、探查、神器商店、隐身、倍击、加速、瞬移、能量护罩、分身、独立空间、无限分身、时间暂,最新更新 第二零五二章 悲催的公太皓,2018-12-23 00:25,0.0
473,//bookcover.yuewen.com/qdbimg/349573/1011988929/150,极品妖孽至尊,断骨伤,都市,【无敌爽文】他是暗黑至尊，万魔之主！五年前，他如蝼蚁一般被人践踏凌辱，今日的他化身为魔归来，势要让世人知道他的可怕！“惹我者，杀！挡我者，死！”——楚风！【断骨老书《美女总裁的最强,最新更新 第811章 狠辣的手段,2018-12-23 12:38,0.0
474,//bookcover.yuewen.com/qdbimg/349573/1012013887/150,地球求生指南,伴读小牧童,科幻,一个滞留在地球的外星科考员，想要活下去真的很困难呢。我，外星人，打钱！,最新更新 257、来啊，造作啊。,2018-12-23 03:10,0.0
475,//bookcover.yuewen.com/qdbimg/349573/1013327500/150,荣誉之路,静物JW,体育,赵大少喜欢做的事情——找老科欣赏凌晨两点钟的洛杉矶找GDP一同去理发找警察来抓诺维斯基的未婚妻……群号1：208080578（不和谐）群号2：96039458（和谐）,最新更新 第一百章 赵大少的人缘不错嘛,2018-12-13 22:13,0.0
476,//bookcover.yuewen.com/qdbimg/349573/1010442026/150,我本港岛电影人,再来一盘菇凉,都市,一个关于港岛电影的故事。我是吴孝祖，拍出最好的电影，享受最美好的时光。菇凉的电影院群号：36744687,最新更新 第四百六十四章 口碑发酵，绯闻缠身（5000+大章）,2018-12-22 22:48,0.0
477,//bookcover.yuewen.com/qdbimg/349573/1012277067/150,极道拳君,两只大菠萝,玄幻,肌肉就是力量，力量打破一切！谁拥有力量，谁就掌握着真理……,最新更新 第二百七十三章 起源,2018-12-22 20:55,0.0
478,//bookcover.yuewen.com/qdbimg/349573/1009454017/150,万道龙皇,牧童听竹,玄幻,〔暴爽玄幻，最热爽文〕少年陆鸣，血脉被夺，沦为废人，受尽屈辱。幸得至尊神殿，重生无上血脉，从此脚踏天才，一路逆袭，踏上热血辉煌之路。噬无尽生灵，融诸天血脉，跨千山万水，闯九天十地，,最新更新 第2623章 使者,2018-12-23 09:40,0.0
479,//bookcover.yuewen.com/qdbimg/349573/1005313386/150,我是全能大明星,天下第一白,都市,用“碧海潮生曲”唱歌。使“凌波微步”踢球。“降龙十八炒”助我成就美食天王。屌丝“莫白”获得系统，来到位面世界。音乐，钢琴，绘画，篮球，足球，游泳，击剑，厨艺，书法……我无所不能。不,最新更新 第1344章：我想知道，这个辣条是谁发明的？,2018-12-22 23:43,0.0
480,//bookcover.yuewen.com/qdbimg/349573/1004986152/150,注视深渊,吾即正道,游戏,游魂彷徨，蠕虫四散。不可见之物身边环绕，耳畔窃窃私语从何而来。可憎之物在深渊中等待。死寂无风，吹不动衣角发梢。牧苏注视着深渊，深渊也在注视着他。直到开始牧苏脱下裤子——深渊才不得不,最新更新 13.这天深夜,2018-12-23 00:00,0.0
481,//bookcover.yuewen.com/qdbimg/349573/1010567240/150,他出自地府,李家浮图,都市,当地狱客满，死人就会重回人间。地府，排名第一的佣兵组织，凶威显赫，震慑全球。牛头马面勾魂，黑白无常索命。这个故事，从一个名为阎帝的男人，自地府走出开始……铁杆书友群：6269481,最新更新 1127 巴山夜雨,2018-12-22 23:52,0.0
482,//bookcover.yuewen.com/qdbimg/349573/1011941701/150,大师救命,辰机唐红豆,都市,自从绑定了这个红眼病系统之后，萧帅的人生，起飞了！系统：“恭喜宿主眼睛开光成功，获得表情包之眼功能！”萧帅一脸惊喜：“这个好这个好，那还有啥能开光的？”系统：“诸天万物皆可开光，上,最新更新 第一八零章 翻手为云覆手为雨,2018-12-23 11:28,0.0
483,//bookcover.yuewen.com/qdbimg/349573/1010965501/150,我真的不开挂,旧生,游戏,偶得神级幸运系统，称号：幸运女神的学徒？这算什么，我要成为幸运女神的男人！“落到海边都能找到满配M4，这怕是开了资源挂吧？举报了举报了.”高枭：......“我要向蓝洞举报，这个主,最新更新 第九百四十六章-是在下输了,2018-12-22 22:10,0.0
484,//bookcover.yuewen.com/qdbimg/349573/1012830684/150,捡个杀手总裁老婆,破千里,都市,【每日更十章，唯我破千里】全世界第一王者，整天被捡来的老婆威胁。直到那一天，他空手挡下子弹，只手震怖天下。这才明白和自己住在一个屋檐下的男人，究竟是何等恐怖的存在……,最新更新 第522章 我问你，能不能！,2018-12-23 12:05,0.0
485,//bookcover.yuewen.com/qdbimg/349573/1010566688/150,苍穹之上,石三,仙侠,苍穹之下的千年苦修，只为有朝一日立身于苍穹之上！位于洪武天朝和妖族七杀部咽喉要地的天断峡谷中，忽有天降神异之物，裹挟着一众修兵，滚入了浩荡的历史洪流当中……宋征只是其中不那么起眼的,最新更新 第六一二章 商修（上）,2018-12-22 18:05,0.0
486,//bookcover.yuewen.com/qdbimg/349573/1011685849/150,我的邻居是皇帝,青史尽成灰,历史,叶华救了一个皇子，从此圣人垂青，与皇家比邻，看风起云涌……郭威说：朕瓦棺而薄葬，勤俭之美，终始可称。虽享国之非长，亦开基之有裕矣。柴荣说：朕当以十年开拓天下，十年养百姓，十年致太平,最新更新 第696章 美食的力量,2018-12-23 13:48,0.0
487,//bookcover.yuewen.com/qdbimg/349573/1002409852/150,诡神冢,焚天孔雀,悬疑灵异,【2018重磅推荐】神灵真的存在吗？他们现在又去了哪里？封神榜中的姜子牙，到底是什么人？5000年前这片大地上，到底发生了什么？“灵血定穴，神子殉葬”，原来真正的神灵，没有传说中那,最新更新 请假，串休明天,2018-12-22 19:57,0.0
488,//bookcover.yuewen.com/qdbimg/349573/3649762/150,末日轮盘,幻动,科幻,当生命停止的刹那，叶钟鸣回到了十年前，那个末日开始的下午。是上天对自己的眷顾？还是又一次的惩罚？真的要重新体验一次残酷冰冷的末世吗？叶钟鸣决定活下去，不为了别的，就为了那些曾经同生,最新更新 1727 酬劳,2018-12-22 23:59,0.0
489,//bookcover.yuewen.com/qdbimg/349573/1011092678/150,万古之王,快餐店,玄幻,平民少年罗天，身怀绝世之资，却被误认为废脉者。偶得无上天书，开启至强神脉，修造化神诀，一飞冲天，震烁万古。从世俗底层，到万界诸天，横压当世天骄，纵横万千宗门，睥睨神话万族，成就不朽,最新更新 第669章 奇彩灵鹦,2018-12-22 22:41,0.0
490,//bookcover.yuewen.com/qdbimg/349573/1011324866/150,无限求生,你要卡宴,科幻,普通职员凌翊，在一场车祸中被卷入主神的无限求生游戏中。只有在残酷的游戏中存活下来，才能在现实世界中继续逍遥下去。擎天柱是我小弟，希尔瓦娜斯为我唱歌，钢铁侠给我提供军火，金刚狼跟我拜,最新更新 第95章 镜像空间魔法,2018-12-23 14:00,0.0
491,//bookcover.yuewen.com/qdbimg/349573/1012951130/150,我的系统，你惹不起,剑若流水,都市,一觉醒来，主角发现竟然穿越了，还得到了一个牛逼的“拉仇恨系统”。上司打压我，霉运贴让他噩梦缠身。缺妹子了，开启桃花符，绝色美女送到你身边。看恐怖小说没感觉，身临其境技能让猛鬼伴你左,最新更新 第346章 杀人不见血（四更）,2018-12-23 00:05,0.0
492,//bookcover.yuewen.com/qdbimg/349573/1010606730/150,从超神学院开始的穿越日常,我步入地狱,科幻,许易穿越到超神学院世界，某一天突然“灵”光一闪。为了世界核平，人民幸福，总觉得该做点什么，于是乎:“传授国人无敌国术，围殴众多外星狗狼。”“双手施展灭妖神火，焚尽诸多邪祟恶魔。”“,最新更新 第八百八十三章 琪琳探访 二,2018-12-23 08:30,0.0
493,//bookcover.yuewen.com/qdbimg/349573/1009599405/150,这个游戏不简单,我也很绝望,二次元,【2018最火爆创新的网游文】【吃鸡模式+狼人杀的创意网游文】夜黑风高，虚实杀。各位玩家，欢迎来到全息杀人游戏《虚实幻境》。这个游戏不简单，不撩妹，不搞基，专注互相伤害。普通群：4,最新更新 第七十一章 黄土十三追,2018-12-23 00:02,0.0
494,//bookcover.yuewen.com/qdbimg/349573/1011826838/150,都市之妖孽公子,小萌靓,都市,【一日十更，唯我萌靓】三年前，他被人陷害，不知所踪。三年后王者归来，尔等，唯有臣服，或者死亡。已有百万字老书《都市超级神尊》,最新更新 第一千三百四十八章 错失良机,2018-12-22 23:50,0.0
495,//bookcover.yuewen.com/qdbimg/349573/1010806542/150,全能巨星奶爸,奔跑的傻兔,都市,一觉醒来，韩墨成为了另一个人，不仅如此，还多了一个古灵精怪的小公主。在别人眼里他是男神，是歌神，是厨神，是综艺之神，随手写的都是神作，可是在萱萱小小的心里，爸爸是全能的存在，他是科,最新更新 第755章 珍奇宝贝,2018-12-22 23:37,0.0
496,//bookcover.yuewen.com/qdbimg/349573/1013013477/150,女友都想捅死我,尺间萤火,二次元,嘘，看我发现了什么，一只落单的女主角！一只女主角，可以为我们提供不菲的经验和兑换点，还有概率掉落稀有道具！不过，女主角可不好抓，我们从后面悄悄摸过去。【您已被女主角捅死，是否读档】,最新更新 208. 我们不一样,2018-12-23 11:36,0.0
497,//bookcover.yuewen.com/qdbimg/349573/1010540347/150,明星爸爸宝贝妞,沉入太平洋,都市,“妞妞。”“嗯？”“你爱不爱爸爸？”“爱！”“有多爱？”“很爱！”“很爱是多爱啊？”“像天空一样大的爱！”“嗯！”在登临人生巅峰的时候，罗凯回到了重生前的那一刻。当他再次见到妞妞，,最新更新 第九百七十一章 后悔莫及,2018-12-22 23:33,0.0
498,//bookcover.yuewen.com/qdbimg/349573/1011094405/150,战国野心家,最后一个名,历史,穿越到战国初年，身份卑微到连姓都没有，却敢有野心。为了支撑野心，拜墨子为师，混入墨家隐忍数年以篡巨子之位。墨子述而不作，他编纂墨经将墨经改的面目全非。诸侯争霸、大争之世，他却偏偏相,最新更新 第二百五十七章 待价而沽,2018-12-22 23:25,0.0
499,//bookcover.yuewen.com/qdbimg/349573/1012612881/150,学霸聊天群,孙帅出口成诗,都市,作为学渣的肖俊意外成为了学霸聊天群的群主，群里面成员是各行各业的超级学霸！“优等生学霸：泷岛彗申请加群……”“武器学霸：托尼·史塔克申请加群……”“基因学霸：亚伯翰·厄金斯博士申请,最新更新 第三百零三章 林小彤的生气（求订阅）,2018-12-22 23:03,0.0
500,//bookcover.yuewen.com/qdbimg/349573/1010804033/150,娱乐圈刑警,圆游丝,都市,写写歌，破破案，工作娱乐两不误。什么？靠脸？不存在的！！！企鹅群：18196194,最新更新 第六百六十章 骑虎难下,2018-12-22 23:09,0.0
